Country,Year,Press Freedom Index
Afghanistan,1995,90
Afghanistan,1996,100
Afghanistan,1997,100
Afghanistan,1998,100
Afghanistan,1999,90
Afghanistan,2000,95
Afghanistan,2002,74
Afghanistan,2003,72
Afghanistan,2004,68
Afghanistan,2005,69
Afghanistan,2006,69
Afghanistan,2007,71
Afghanistan,2008,74
Afghanistan,2009,76
Afghanistan,2010,75
Afghanistan,2011,74
Afghanistan,2012,67
Afghanistan,2013,66
Afghanistan,2014,67
Afghanistan,2015,62
Afghanistan,2016,60
Albania,1993,53
Albania,1994,67
Albania,1995,71
Albania,1996,75
Albania,1997,56
Albania,1998,56
Albania,1999,56
Albania,2000,56
Albania,2001,48
Albania,2002,50
Albania,2003,49
Albania,2004,51
Albania,2005,50
Albania,2006,50
Albania,2007,50
Albania,2008,50
Albania,2009,50
Albania,2010,50
Albania,2011,51
Albania,2012,49
Albania,2013,49
Albania,2014,49
Albania,2015,51
Albania,2016,51
Algeria,1993,83
Algeria,1994,99
Algeria,1995,99
Algeria,1996,99
Algeria,1997,97
Algeria,1998,83
Algeria,1999,83
Algeria,2000,74
Algeria,2001,62
Algeria,2002,62
Algeria,2003,63
Algeria,2004,64
Algeria,2005,61
Algeria,2006,62
Algeria,2007,62
Algeria,2008,62
Algeria,2009,64
Algeria,2010,62
Algeria,2011,62
Algeria,2012,61
Algeria,2013,59
Algeria,2014,61
Algeria,2015,62
Algeria,2016,65
Andorra,2002,8
Andorra,2003,13
Andorra,2004,14
Andorra,2005,14
Andorra,2006,13
Andorra,2007,13
Andorra,2008,13
Andorra,2009,13
Andorra,2010,13
Andorra,2011,13
Andorra,2012,13
Andorra,2013,13
Andorra,2014,13
Andorra,2015,13
Andorra,2016,15
Angola,1993,74
Angola,1994,68
Angola,1995,69
Angola,1996,74
Angola,1997,74
Angola,1998,74
Angola,1999,80
Angola,2000,80
Angola,2001,79
Angola,2002,72
Angola,2003,66
Angola,2004,66
Angola,2005,65
Angola,2006,62
Angola,2007,63
Angola,2008,61
Angola,2009,62
Angola,2010,64
Angola,2011,67
Angola,2012,68
Angola,2013,69
Angola,2014,70
Angola,2015,71
Angola,2016,73
Antigua and Barbuda,1993,28
Antigua and Barbuda,1994,35
Antigua and Barbuda,1995,35
Antigua and Barbuda,1996,46
Antigua and Barbuda,1997,46
Antigua and Barbuda,1998,46
Antigua and Barbuda,1999,46
Antigua and Barbuda,2000,46
Antigua and Barbuda,2001,44
Antigua and Barbuda,2002,45
Antigua and Barbuda,2003,43
Antigua and Barbuda,2004,40
Antigua and Barbuda,2005,38
Antigua and Barbuda,2006,38
Antigua and Barbuda,2007,39
Antigua and Barbuda,2008,38
Antigua and Barbuda,2009,38
Antigua and Barbuda,2010,38
Antigua and Barbuda,2011,38
Antigua and Barbuda,2012,38
Antigua and Barbuda,2013,39
Antigua and Barbuda,2014,38
Antigua and Barbuda,2015,35
Antigua and Barbuda,2016,34
Argentina,1993,29
Argentina,1994,29
Argentina,1995,31
Argentina,1996,31
Argentina,1997,36
Argentina,1998,41
Argentina,1999,41
Argentina,2000,33
Argentina,2001,37
Argentina,2002,39
Argentina,2003,35
Argentina,2004,41
Argentina,2005,45
Argentina,2006,49
Argentina,2007,47
Argentina,2008,49
Argentina,2009,49
Argentina,2010,51
Argentina,2011,50
Argentina,2012,52
Argentina,2013,51
Argentina,2014,51
Argentina,2015,50
Argentina,2016,46
Armenia,1993,52
Armenia,1994,57
Armenia,1995,56
Armenia,1996,56
Armenia,1997,56
Armenia,1998,56
Armenia,1999,57
Armenia,2000,59
Armenia,2001,60
Armenia,2002,65
Armenia,2003,64
Armenia,2004,64
Armenia,2005,64
Armenia,2006,64
Armenia,2007,66
Armenia,2008,68
Armenia,2009,66
Armenia,2010,65
Armenia,2011,65
Armenia,2012,61
Armenia,2013,62
Armenia,2014,61
Armenia,2015,63
Armenia,2016,63
Australia,1993,9
Australia,1994,7
Australia,1995,8
Australia,1996,10
Australia,1997,10
Australia,1998,10
Australia,1999,10
Australia,2000,10
Australia,2001,10
Australia,2002,14
Australia,2003,14
Australia,2004,18
Australia,2005,19
Australia,2006,21
Australia,2007,21
Australia,2008,22
Australia,2009,22
Australia,2010,21
Australia,2011,21
Australia,2012,21
Australia,2013,22
Australia,2014,22
Australia,2015,23
Australia,2016,22
Austria,1993,19
Austria,1994,18
Austria,1995,12
Austria,1996,12
Austria,1997,12
Austria,1998,12
Austria,1999,12
Austria,2000,14
Austria,2001,24
Austria,2002,23
Austria,2003,23
Austria,2004,21
Austria,2005,21
Austria,2006,21
Austria,2007,21
Austria,2008,21
Austria,2009,21
Austria,2010,21
Austria,2011,21
Austria,2012,21
Austria,2013,21
Austria,2014,22
Austria,2015,23
Austria,2016,22
Azerbaijan,1993,70
Azerbaijan,1994,69
Azerbaijan,1995,69
Azerbaijan,1996,74
Azerbaijan,1997,74
Azerbaijan,1998,73
Azerbaijan,1999,70
Azerbaijan,2000,76
Azerbaijan,2001,77
Azerbaijan,2002,73
Azerbaijan,2003,71
Azerbaijan,2004,72
Azerbaijan,2005,72
Azerbaijan,2006,75
Azerbaijan,2007,77
Azerbaijan,2008,78
Azerbaijan,2009,79
Azerbaijan,2010,79
Azerbaijan,2011,80
Azerbaijan,2012,82
Azerbaijan,2013,84
Azerbaijan,2014,87
Azerbaijan,2015,89
Azerbaijan,2016,90
Bahamas,1993,18
Bahamas,1994,8
Bahamas,1995,7
Bahamas,1996,7
Bahamas,1997,7
Bahamas,1998,7
Bahamas,1999,7
Bahamas,2000,7
Bahamas,2001,8
Bahamas,2002,11
Bahamas,2003,14
Bahamas,2004,14
Bahamas,2005,16
Bahamas,2006,17
Bahamas,2007,20
Bahamas,2008,20
Bahamas,2009,20
Bahamas,2010,20
Bahamas,2011,20
Bahamas,2012,19
Bahamas,2013,20
Bahamas,2014,21
Bahamas,2015,22
Bahamas,2016,23
Bahrain,1993,60
Bahrain,1994,57
Bahrain,1995,60
Bahrain,1996,66
Bahrain,1997,66
Bahrain,1998,69
Bahrain,1999,75
Bahrain,2000,75
Bahrain,2001,75
Bahrain,2002,68
Bahrain,2003,70
Bahrain,2004,71
Bahrain,2005,72
Bahrain,2006,71
Bahrain,2007,71
Bahrain,2008,71
Bahrain,2009,71
Bahrain,2010,72
Bahrain,2011,84
Bahrain,2012,86
Bahrain,2013,87
Bahrain,2014,87
Bahrain,2015,87
Bahrain,2016,87
Bangladesh,1993,52
Bangladesh,1994,49
Bangladesh,1995,49
Bangladesh,1996,57
Bangladesh,1997,57
Bangladesh,1998,59
Bangladesh,1999,60
Bangladesh,2000,60
Bangladesh,2001,63
Bangladesh,2002,65
Bangladesh,2003,68
Bangladesh,2004,68
Bangladesh,2005,68
Bangladesh,2006,66
Bangladesh,2007,68
Bangladesh,2008,63
Bangladesh,2009,56
Bangladesh,2010,54
Bangladesh,2011,52
Bangladesh,2012,53
Bangladesh,2013,54
Bangladesh,2014,54
Bangladesh,2015,61
Bangladesh,2016,62
Barbados,1993,17
Barbados,1994,19
Barbados,1995,16
Barbados,1996,16
Barbados,1997,16
Barbados,1998,16
Barbados,1999,16
Barbados,2000,16
Barbados,2001,16
Barbados,2002,14
Barbados,2003,17
Barbados,2004,17
Barbados,2005,17
Barbados,2006,17
Barbados,2007,19
Barbados,2008,19
Barbados,2009,19
Barbados,2010,19
Barbados,2011,19
Barbados,2012,18
Barbados,2013,18
Barbados,2014,18
Barbados,2015,18
Barbados,2016,19
Belarus,1993,66
Belarus,1994,67
Belarus,1995,70
Belarus,1996,85
Belarus,1997,90
Belarus,1998,80
Belarus,1999,80
Belarus,2000,80
Belarus,2001,82
Belarus,2002,82
Belarus,2003,84
Belarus,2004,86
Belarus,2005,88
Belarus,2006,89
Belarus,2007,91
Belarus,2008,91
Belarus,2009,92
Belarus,2010,93
Belarus,2011,93
Belarus,2012,93
Belarus,2013,93
Belarus,2014,93
Belarus,2015,91
Belarus,2016,83
Belgium,1993,7
Belgium,1994,7
Belgium,1995,10
Belgium,1996,10
Belgium,1997,10
Belgium,1998,9
Belgium,1999,9
Belgium,2000,9
Belgium,2001,9
Belgium,2002,9
Belgium,2003,9
Belgium,2004,11
Belgium,2005,11
Belgium,2006,11
Belgium,2007,11
Belgium,2008,12
Belgium,2009,12
Belgium,2010,12
Belgium,2011,11
Belgium,2012,11
Belgium,2013,11
Belgium,2014,11
Belgium,2015,11
Belgium,2016,12
Belize,1993,29
Belize,1994,22
Belize,1995,25
Belize,1996,25
Belize,1997,25
Belize,1998,25
Belize,1999,25
Belize,2000,25
Belize,2001,24
Belize,2002,23
Belize,2003,22
Belize,2004,20
Belize,2005,21
Belize,2006,21
Belize,2007,22
Belize,2008,21
Belize,2009,21
Belize,2010,23
Belize,2011,21
Belize,2012,22
Belize,2013,22
Belize,2014,22
Belize,2015,22
Belize,2016,27
Benin,1993,34
Benin,1994,31
Benin,1995,31
Benin,1996,30
Benin,1997,30
Benin,1998,30
Benin,1999,30
Benin,2000,30
Benin,2001,30
Benin,2002,28
Benin,2003,30
Benin,2004,30
Benin,2005,30
Benin,2006,30
Benin,2007,31
Benin,2008,31
Benin,2009,33
Benin,2010,33
Benin,2011,34
Benin,2012,34
Benin,2013,36
Benin,2014,38
Benin,2015,38
Benin,2016,37
Bhutan,1993,66
Bhutan,1994,62
Bhutan,1995,62
Bhutan,1996,65
Bhutan,1997,65
Bhutan,1998,80
Bhutan,1999,76
Bhutan,2000,76
Bhutan,2001,72
Bhutan,2002,70
Bhutan,2003,68
Bhutan,2004,66
Bhutan,2005,65
Bhutan,2006,62
Bhutan,2007,61
Bhutan,2008,61
Bhutan,2009,57
Bhutan,2010,57
Bhutan,2011,58
Bhutan,2012,58
Bhutan,2013,59
Bhutan,2014,59
Bhutan,2015,58
Bhutan,2016,58
Bolivia,1993,20
Bolivia,1994,17
Bolivia,1995,17
Bolivia,1996,20
Bolivia,1997,18
Bolivia,1998,18
Bolivia,1999,22
Bolivia,2000,22
Bolivia,2001,25
Bolivia,2002,30
Bolivia,2003,37
Bolivia,2004,35
Bolivia,2005,33
Bolivia,2006,37
Bolivia,2007,39
Bolivia,2008,42
Bolivia,2009,43
Bolivia,2010,46
Bolivia,2011,47
Bolivia,2012,48
Bolivia,2013,48
Bolivia,2014,47
Bolivia,2015,49
Bolivia,2016,53
Bosnia and Herzegovina,1993,70
Bosnia and Herzegovina,1994,72
Bosnia and Herzegovina,1995,76
Bosnia and Herzegovina,1996,71
Bosnia and Herzegovina,1997,74
Bosnia and Herzegovina,1998,56
Bosnia and Herzegovina,1999,56
Bosnia and Herzegovina,2000,54
Bosnia and Herzegovina,2001,53
Bosnia and Herzegovina,2002,49
Bosnia and Herzegovina,2003,48
Bosnia and Herzegovina,2004,45
Bosnia and Herzegovina,2005,45
Bosnia and Herzegovina,2006,45
Bosnia and Herzegovina,2007,45
Bosnia and Herzegovina,2008,47
Bosnia and Herzegovina,2009,48
Bosnia and Herzegovina,2010,48
Bosnia and Herzegovina,2011,48
Bosnia and Herzegovina,2012,49
Bosnia and Herzegovina,2013,50
Bosnia and Herzegovina,2014,51
Bosnia and Herzegovina,2015,50
Bosnia and Herzegovina,2016,51
Botswana,1993,19
Botswana,1994,28
Botswana,1995,30
Botswana,1996,30
Botswana,1997,30
Botswana,1998,30
Botswana,1999,28
Botswana,2000,27
Botswana,2001,30
Botswana,2002,30
Botswana,2003,30
Botswana,2004,30
Botswana,2005,35
Botswana,2006,35
Botswana,2007,36
Botswana,2008,37
Botswana,2009,39
Botswana,2010,40
Botswana,2011,40
Botswana,2012,41
Botswana,2013,41
Botswana,2014,44
Botswana,2015,45
Botswana,2016,45
Brazil,1993,27
Brazil,1994,30
Brazil,1995,30
Brazil,1996,30
Brazil,1997,32
Brazil,1998,35
Brazil,1999,33
Brazil,2000,31
Brazil,2001,32
Brazil,2002,38
Brazil,2003,36
Brazil,2004,40
Brazil,2005,39
Brazil,2006,42
Brazil,2007,42
Brazil,2008,42
Brazil,2009,43
Brazil,2010,44
Brazil,2011,44
Brazil,2012,46
Brazil,2013,45
Brazil,2014,45
Brazil,2015,46
Brazil,2016,47
Brunei,1993,66
Brunei,1994,73
Brunei,1995,74
Brunei,1996,74
Brunei,1997,74
Brunei,1998,74
Brunei,1999,74
Brunei,2000,74
Brunei,2001,78
Brunei,2002,76
Brunei,2003,74
Brunei,2004,75
Brunei,2005,77
Brunei,2006,76
Brunei,2007,75
Brunei,2008,75
Brunei,2009,75
Brunei,2010,75
Brunei,2011,75
Brunei,2012,75
Brunei,2013,75
Brunei,2014,75
Brunei,2015,76
Brunei,2016,76
Bulgaria,1993,43
Bulgaria,1994,39
Bulgaria,1995,46
Bulgaria,1996,44
Bulgaria,1997,36
Bulgaria,1998,39
Bulgaria,1999,30
Bulgaria,2000,26
Bulgaria,2001,29
Bulgaria,2002,30
Bulgaria,2003,35
Bulgaria,2004,35
Bulgaria,2005,34
Bulgaria,2006,34
Bulgaria,2007,33
Bulgaria,2008,36
Bulgaria,2009,34
Bulgaria,2010,35
Bulgaria,2011,36
Bulgaria,2012,37
Bulgaria,2013,39
Bulgaria,2014,38
Bulgaria,2015,40
Bulgaria,2016,42
Burkina Faso,1993,40
Burkina Faso,1994,37
Burkina Faso,1995,37
Burkina Faso,1996,37
Burkina Faso,1997,39
Burkina Faso,1998,39
Burkina Faso,1999,40
Burkina Faso,2000,39
Burkina Faso,2001,39
Burkina Faso,2002,39
Burkina Faso,2003,39
Burkina Faso,2004,40
Burkina Faso,2005,38
Burkina Faso,2006,39
Burkina Faso,2007,41
Burkina Faso,2008,41
Burkina Faso,2009,41
Burkina Faso,2010,41
Burkina Faso,2011,42
Burkina Faso,2012,42
Burkina Faso,2013,44
Burkina Faso,2014,44
Burkina Faso,2015,41
Burkina Faso,2016,41
Burma (Myanmar),1993,90
Burma (Myanmar),1994,99
Burma (Myanmar),1995,99
Burma (Myanmar),1996,99
Burma (Myanmar),1997,99
Burma (Myanmar),1998,97
Burma (Myanmar),1999,100
Burma (Myanmar),2000,100
Burma (Myanmar),2001,96
Burma (Myanmar),2002,94
Burma (Myanmar),2003,95
Burma (Myanmar),2004,96
Burma (Myanmar),2005,96
Burma (Myanmar),2006,96
Burma (Myanmar),2007,97
Burma (Myanmar),2008,96
Burma (Myanmar),2009,95
Burma (Myanmar),2010,94
Burma (Myanmar),2011,85
Burma (Myanmar),2012,72
Burma (Myanmar),2013,70
Burma (Myanmar),2014,73
Burma (Myanmar),2015,73
Burma (Myanmar),2016,73
Burundi,1993,88
Burundi,1994,88
Burundi,1995,85
Burundi,1996,85
Burundi,1997,85
Burundi,1998,83
Burundi,1999,83
Burundi,2000,80
Burundi,2001,77
Burundi,2002,76
Burundi,2003,75
Burundi,2004,74
Burundi,2005,74
Burundi,2006,77
Burundi,2007,74
Burundi,2008,75
Burundi,2009,73
Burundi,2010,74
Burundi,2011,72
Burundi,2012,72
Burundi,2013,74
Burundi,2014,74
Burundi,2015,80
Burundi,2016,85
Cambodia,1993,50
Cambodia,1994,60
Cambodia,1995,65
Cambodia,1996,65
Cambodia,1997,65
Cambodia,1998,62
Cambodia,1999,61
Cambodia,2000,61
Cambodia,2001,68
Cambodia,2002,64
Cambodia,2003,63
Cambodia,2004,62
Cambodia,2005,61
Cambodia,2006,58
Cambodia,2007,60
Cambodia,2008,61
Cambodia,2009,61
Cambodia,2010,63
Cambodia,2011,63
Cambodia,2012,66
Cambodia,2013,66
Cambodia,2014,69
Cambodia,2015,69
Cambodia,2016,70
Cameroon,1993,79
Cameroon,1994,78
Cameroon,1995,72
Cameroon,1996,72
Cameroon,1997,77
Cameroon,1998,77
Cameroon,1999,77
Cameroon,2000,71
Cameroon,2001,68
Cameroon,2002,65
Cameroon,2003,67
Cameroon,2004,68
Cameroon,2005,65
Cameroon,2006,67
Cameroon,2007,65
Cameroon,2008,65
Cameroon,2009,66
Cameroon,2010,67
Cameroon,2011,68
Cameroon,2012,66
Cameroon,2013,66
Cameroon,2014,66
Cameroon,2015,65
Cameroon,2016,66
Canada,1993,13
Canada,1994,18
Canada,1995,23
Canada,1996,11
Canada,1997,11
Canada,1998,16
Canada,1999,14
Canada,2000,15
Canada,2001,16
Canada,2002,17
Canada,2003,15
Canada,2004,17
Canada,2005,18
Canada,2006,17
Canada,2007,18
Canada,2008,19
Canada,2009,19
Canada,2010,19
Canada,2011,19
Canada,2012,20
Canada,2013,19
Canada,2014,18
Canada,2015,18
Canada,2016,18
Cape Verde,1993,34
Cape Verde,1994,32
Cape Verde,1995,32
Cape Verde,1996,32
Cape Verde,1997,32
Cape Verde,1998,33
Cape Verde,1999,32
Cape Verde,2000,32
Cape Verde,2001,30
Cape Verde,2002,30
Cape Verde,2003,36
Cape Verde,2004,32
Cape Verde,2005,32
Cape Verde,2006,29
Cape Verde,2007,28
Cape Verde,2008,28
Cape Verde,2009,28
Cape Verde,2010,27
Cape Verde,2011,27
Cape Verde,2012,27
Cape Verde,2013,27
Cape Verde,2014,27
Cape Verde,2015,27
Cape Verde,2016,27
Central African Republic,1993,80
Central African Republic,1994,65
Central African Republic,1995,65
Central African Republic,1996,65
Central African Republic,1997,60
Central African Republic,1998,60
Central African Republic,1999,60
Central African Republic,2000,61
Central African Republic,2001,69
Central African Republic,2002,67
Central African Republic,2003,64
Central African Republic,2004,63
Central African Republic,2005,61
Central African Republic,2006,58
Central African Republic,2007,61
Central African Republic,2008,61
Central African Republic,2009,61
Central African Republic,2010,61
Central African Republic,2011,62
Central African Republic,2012,62
Central African Republic,2013,77
Central African Republic,2014,72
Central African Republic,2015,71
Central African Republic,2016,71
Chad,1993,87
Chad,1994,72
Chad,1995,72
Chad,1996,72
Chad,1997,70
Chad,1998,75
Chad,1999,72
Chad,2000,72
Chad,2001,74
Chad,2002,67
Chad,2003,74
Chad,2004,73
Chad,2005,73
Chad,2006,74
Chad,2007,74
Chad,2008,76
Chad,2009,77
Chad,2010,75
Chad,2011,75
Chad,2012,76
Chad,2013,75
Chad,2014,74
Chad,2015,74
Chad,2016,74
Chile,1993,30
Chile,1994,30
Chile,1995,28
Chile,1996,30
Chile,1997,27
Chile,1998,27
Chile,1999,27
Chile,2000,27
Chile,2001,22
Chile,2002,22
Chile,2003,23
Chile,2004,24
Chile,2005,26
Chile,2006,30
Chile,2007,30
Chile,2008,29
Chile,2009,30
Chile,2010,29
Chile,2011,31
Chile,2012,31
Chile,2013,31
Chile,2014,31
Chile,2015,29
Chile,2016,29
China,1993,89
China,1994,83
China,1995,83
China,1996,83
China,1997,81
China,1998,81
China,1999,80
China,2000,80
China,2001,80
China,2002,80
China,2003,80
China,2004,82
China,2005,83
China,2006,84
China,2007,84
China,2008,85
China,2009,84
China,2010,85
China,2011,85
China,2012,83
China,2013,84
China,2014,86
China,2015,87
China,2016,87
Colombia,1993,49
Colombia,1994,48
Colombia,1995,54
Colombia,1996,55
Colombia,1997,55
Colombia,1998,60
Colombia,1999,59
Colombia,2000,60
Colombia,2001,60
Colombia,2002,63
Colombia,2003,63
Colombia,2004,63
Colombia,2005,61
Colombia,2006,57
Colombia,2007,59
Colombia,2008,59
Colombia,2009,60
Colombia,2010,56
Colombia,2011,55
Colombia,2012,53
Colombia,2013,54
Colombia,2014,55
Colombia,2015,56
Colombia,2016,57
Comoros,1993,44
Comoros,1994,46
Comoros,1995,35
Comoros,1996,38
Comoros,1997,38
Comoros,1998,38
Comoros,1999,40
Comoros,2000,38
Comoros,2001,41
Comoros,2002,43
Comoros,2003,45
Comoros,2004,44
Comoros,2005,47
Comoros,2006,48
Comoros,2007,54
Comoros,2008,50
Comoros,2009,50
Comoros,2010,48
Comoros,2011,48
Comoros,2012,49
Comoros,2013,49
Comoros,2014,49
Comoros,2015,49
Comoros,2016,49
Congo (Brazzaville),1993,59
Congo (Brazzaville),1994,53
Congo (Brazzaville),1995,52
Congo (Brazzaville),1996,45
Congo (Brazzaville),1997,72
Congo (Brazzaville),1998,75
Congo (Brazzaville),1999,77
Congo (Brazzaville),2000,71
Congo (Brazzaville),2001,53
Congo (Brazzaville),2002,55
Congo (Brazzaville),2003,54
Congo (Brazzaville),2004,51
Congo (Brazzaville),2005,51
Congo (Brazzaville),2006,51
Congo (Brazzaville),2007,51
Congo (Brazzaville),2008,53
Congo (Brazzaville),2009,54
Congo (Brazzaville),2010,54
Congo (Brazzaville),2011,55
Congo (Brazzaville),2012,56
Congo (Brazzaville),2013,57
Congo (Brazzaville),2014,79
Congo (Brazzaville),2015,59
Congo (Brazzaville),2016,60
Congo (Kinshasa),1993,88
Congo (Kinshasa),1994,85
Congo (Kinshasa),1995,84
Congo (Kinshasa),1996,84
Congo (Kinshasa),1997,84
Congo (Kinshasa),1998,90
Congo (Kinshasa),1999,90
Congo (Kinshasa),2000,83
Congo (Kinshasa),2001,86
Congo (Kinshasa),2002,82
Congo (Kinshasa),2003,80
Congo (Kinshasa),2004,81
Congo (Kinshasa),2005,81
Congo (Kinshasa),2006,80
Congo (Kinshasa),2007,81
Congo (Kinshasa),2008,81
Congo (Kinshasa),2009,81
Congo (Kinshasa),2010,81
Congo (Kinshasa),2011,83
Congo (Kinshasa),2012,83
Congo (Kinshasa),2013,79
Congo (Kinshasa),2014,59
Congo (Kinshasa),2015,78
Congo (Kinshasa),2016,82
Costa Rica,1993,16
Costa Rica,1994,21
Costa Rica,1995,18
Costa Rica,1996,16
Costa Rica,1997,16
Costa Rica,1998,16
Costa Rica,1999,16
Costa Rica,2000,16
Costa Rica,2001,17
Costa Rica,2002,14
Costa Rica,2003,19
Costa Rica,2004,19
Costa Rica,2005,18
Costa Rica,2006,20
Costa Rica,2007,19
Costa Rica,2008,19
Costa Rica,2009,19
Costa Rica,2010,18
Costa Rica,2011,19
Costa Rica,2012,18
Costa Rica,2013,18
Costa Rica,2014,17
Costa Rica,2015,17
Costa Rica,2016,16
Croatia,1993,56
Croatia,1994,56
Croatia,1995,58
Croatia,1996,63
Croatia,1997,63
Croatia,1998,63
Croatia,1999,63
Croatia,2000,50
Croatia,2001,33
Croatia,2002,33
Croatia,2003,37
Croatia,2004,37
Croatia,2005,39
Croatia,2006,37
Croatia,2007,36
Croatia,2008,38
Croatia,2009,40
Croatia,2010,41
Croatia,2011,40
Croatia,2012,40
Croatia,2013,40
Croatia,2014,40
Croatia,2015,42
Croatia,2016,41
Cuba,1993,96
Cuba,1994,90
Cuba,1995,90
Cuba,1996,95
Cuba,1997,95
Cuba,1998,94
Cuba,1999,94
Cuba,2000,94
Cuba,2001,96
Cuba,2002,94
Cuba,2003,96
Cuba,2004,96
Cuba,2005,96
Cuba,2006,96
Cuba,2007,94
Cuba,2008,94
Cuba,2009,93
Cuba,2010,92
Cuba,2011,91
Cuba,2012,92
Cuba,2013,90
Cuba,2014,91
Cuba,2015,91
Cuba,2016,91
Cyprus,1993,30
Cyprus,1994,24
Cyprus,1995,16
Cyprus,1996,18
Cyprus,1997,18
Cyprus,1998,16
Cyprus,1999,16
Cyprus,2000,18
Cyprus,2001,18
Cyprus,2002,18
Cyprus,2003,18
Cyprus,2004,22
Cyprus,2005,22
Cyprus,2006,22
Cyprus,2007,22
Cyprus,2008,22
Cyprus,2009,22
Cyprus,2010,22
Cyprus,2011,22
Cyprus,2012,25
Cyprus,2013,25
Cyprus,2014,25
Cyprus,2015,24
Cyprus,2016,23
Czech Republic,1993,20
Czech Republic,1994,21
Czech Republic,1995,19
Czech Republic,1996,19
Czech Republic,1997,19
Czech Republic,1998,20
Czech Republic,1999,20
Czech Republic,2000,24
Czech Republic,2001,25
Czech Republic,2002,23
Czech Republic,2003,23
Czech Republic,2004,22
Czech Republic,2005,20
Czech Republic,2006,18
Czech Republic,2007,18
Czech Republic,2008,18
Czech Republic,2009,18
Czech Republic,2010,19
Czech Republic,2011,19
Czech Republic,2012,19
Czech Republic,2013,20
Czech Republic,2014,21
Czech Republic,2015,21
Czech Republic,2016,21
Denmark,1993,11
Denmark,1994,9
Denmark,1995,9
Denmark,1996,9
Denmark,1997,9
Denmark,1998,9
Denmark,1999,9
Denmark,2000,9
Denmark,2001,9
Denmark,2002,11
Denmark,2003,8
Denmark,2004,10
Denmark,2005,10
Denmark,2006,11
Denmark,2007,10
Denmark,2008,11
Denmark,2009,11
Denmark,2010,13
Denmark,2011,12
Denmark,2012,12
Denmark,2013,12
Denmark,2014,12
Denmark,2015,12
Denmark,2016,12
Djibouti,1993,71
Djibouti,1994,58
Djibouti,1995,52
Djibouti,1996,52
Djibouti,1997,62
Djibouti,1998,62
Djibouti,1999,63
Djibouti,2000,63
Djibouti,2001,67
Djibouti,2002,65
Djibouti,2003,66
Djibouti,2004,67
Djibouti,2005,69
Djibouti,2006,69
Djibouti,2007,72
Djibouti,2008,73
Djibouti,2009,73
Djibouti,2010,73
Djibouti,2011,74
Djibouti,2012,74
Djibouti,2013,75
Djibouti,2014,75
Djibouti,2015,75
Djibouti,2016,77
Dominica,1993,20
Dominica,1994,16
Dominica,1995,16
Dominica,1996,16
Dominica,1997,16
Dominica,1998,16
Dominica,1999,16
Dominica,2000,16
Dominica,2001,16
Dominica,2002,14
Dominica,2003,17
Dominica,2004,17
Dominica,2005,19
Dominica,2006,20
Dominica,2007,22
Dominica,2008,22
Dominica,2009,23
Dominica,2010,23
Dominica,2011,23
Dominica,2012,24
Dominica,2013,25
Dominica,2014,25
Dominica,2015,26
Dominica,2016,25
Dominican Republic,1993,27
Dominican Republic,1994,35
Dominican Republic,1995,38
Dominican Republic,1996,32
Dominican Republic,1997,30
Dominican Republic,1998,30
Dominican Republic,1999,30
Dominican Republic,2000,30
Dominican Republic,2001,30
Dominican Republic,2002,33
Dominican Republic,2003,39
Dominican Republic,2004,38
Dominican Republic,2005,37
Dominican Republic,2006,40
Dominican Republic,2007,39
Dominican Republic,2008,40
Dominican Republic,2009,39
Dominican Republic,2010,40
Dominican Republic,2011,41
Dominican Republic,2012,40
Dominican Republic,2013,41
Dominican Republic,2014,42
Dominican Republic,2015,42
Dominican Republic,2016,42
Ecuador,1993,23
Ecuador,1994,41
Ecuador,1995,38
Ecuador,1996,40
Ecuador,1997,40
Ecuador,1998,40
Ecuador,1999,44
Ecuador,2000,40
Ecuador,2001,40
Ecuador,2002,41
Ecuador,2003,42
Ecuador,2004,41
Ecuador,2005,41
Ecuador,2006,41
Ecuador,2007,41
Ecuador,2008,44
Ecuador,2009,47
Ecuador,2010,52
Ecuador,2011,58
Ecuador,2012,61
Ecuador,2013,62
Ecuador,2014,64
Ecuador,2015,66
Ecuador,2016,66
Egypt,1993,75
Egypt,1994,81
Egypt,1995,80
Egypt,1996,70
Egypt,1997,69
Egypt,1998,69
Egypt,1999,69
Egypt,2000,69
Egypt,2001,77
Egypt,2002,79
Egypt,2003,76
Egypt,2004,68
Egypt,2005,61
Egypt,2006,62
Egypt,2007,59
Egypt,2008,60
Egypt,2009,60
Egypt,2010,65
Egypt,2011,57
Egypt,2012,62
Egypt,2013,68
Egypt,2014,73
Egypt,2015,77
Egypt,2016,77
El Salvador,1993,41
El Salvador,1994,32
El Salvador,1995,41
El Salvador,1996,53
El Salvador,1997,53
El Salvador,1998,53
El Salvador,1999,40
El Salvador,2000,37
El Salvador,2001,35
El Salvador,2002,38
El Salvador,2003,42
El Salvador,2004,41
El Salvador,2005,43
El Salvador,2006,42
El Salvador,2007,42
El Salvador,2008,42
El Salvador,2009,43
El Salvador,2010,42
El Salvador,2011,40
El Salvador,2012,41
El Salvador,2013,39
El Salvador,2014,39
El Salvador,2015,39
El Salvador,2016,41
Equatorial Guinea,1993,76
Equatorial Guinea,1994,74
Equatorial Guinea,1995,78
Equatorial Guinea,1996,78
Equatorial Guinea,1997,78
Equatorial Guinea,1998,78
Equatorial Guinea,1999,78
Equatorial Guinea,2000,79
Equatorial Guinea,2001,80
Equatorial Guinea,2002,81
Equatorial Guinea,2003,89
Equatorial Guinea,2004,88
Equatorial Guinea,2005,88
Equatorial Guinea,2006,89
Equatorial Guinea,2007,89
Equatorial Guinea,2008,90
Equatorial Guinea,2009,90
Equatorial Guinea,2010,90
Equatorial Guinea,2011,91
Equatorial Guinea,2012,91
Equatorial Guinea,2013,90
Equatorial Guinea,2014,90
Equatorial Guinea,2015,91
Equatorial Guinea,2016,91
Eritrea,1993,80
Eritrea,1994,68
Eritrea,1995,68
Eritrea,1996,68
Eritrea,1997,69
Eritrea,1998,68
Eritrea,1999,68
Eritrea,2000,68
Eritrea,2001,79
Eritrea,2002,83
Eritrea,2003,89
Eritrea,2004,91
Eritrea,2005,91
Eritrea,2006,94
Eritrea,2007,94
Eritrea,2008,94
Eritrea,2009,94
Eritrea,2010,94
Eritrea,2011,94
Eritrea,2012,94
Eritrea,2013,94
Eritrea,2014,94
Eritrea,2015,94
Eritrea,2016,94
Estonia,1993,28
Estonia,1994,25
Estonia,1995,24
Estonia,1996,22
Estonia,1997,20
Estonia,1998,20
Estonia,1999,20
Estonia,2000,20
Estonia,2001,18
Estonia,2002,17
Estonia,2003,17
Estonia,2004,17
Estonia,2005,16
Estonia,2006,16
Estonia,2007,16
Estonia,2008,15
Estonia,2009,17
Estonia,2010,18
Estonia,2011,18
Estonia,2012,16
Estonia,2013,16
Estonia,2014,16
Estonia,2015,16
Estonia,2016,16
Ethiopia,1993,73
Ethiopia,1994,59
Ethiopia,1995,57
Ethiopia,1996,62
Ethiopia,1997,62
Ethiopia,1998,64
Ethiopia,1999,62
Ethiopia,2000,64
Ethiopia,2001,61
Ethiopia,2002,64
Ethiopia,2003,66
Ethiopia,2004,68
Ethiopia,2005,75
Ethiopia,2006,77
Ethiopia,2007,76
Ethiopia,2008,76
Ethiopia,2009,78
Ethiopia,2010,78
Ethiopia,2011,81
Ethiopia,2012,82
Ethiopia,2013,81
Ethiopia,2014,83
Ethiopia,2015,83
Ethiopia,2016,86
Fiji,1993,55
Fiji,1994,56
Fiji,1995,57
Fiji,1996,60
Fiji,1997,60
Fiji,1998,59
Fiji,1999,58
Fiji,2000,44
Fiji,2001,33
Fiji,2002,29
Fiji,2003,29
Fiji,2004,30
Fiji,2005,28
Fiji,2006,39
Fiji,2007,37
Fiji,2008,40
Fiji,2009,54
Fiji,2010,57
Fiji,2011,58
Fiji,2012,56
Fiji,2013,54
Fiji,2014,52
Fiji,2015,48
Fiji,2016,44
Finland,1993,17
Finland,1994,15
Finland,1995,15
Finland,1996,15
Finland,1997,15
Finland,1998,15
Finland,1999,15
Finland,2000,14
Finland,2001,10
Finland,2002,10
Finland,2003,9
Finland,2004,9
Finland,2005,9
Finland,2006,9
Finland,2007,9
Finland,2008,10
Finland,2009,10
Finland,2010,10
Finland,2011,10
Finland,2012,11
Finland,2013,11
Finland,2014,11
Finland,2015,11
Finland,2016,12
France,1993,19
France,1994,27
France,1995,30
France,1996,26
France,1997,26
France,1998,27
France,1999,24
France,2000,21
France,2001,17
France,2002,17
France,2003,19
France,2004,20
France,2005,21
France,2006,21
France,2007,22
France,2008,22
France,2009,23
France,2010,23
France,2011,24
France,2012,22
France,2013,22
France,2014,23
France,2015,28
France,2016,26
Gabon,1993,58
Gabon,1994,52
Gabon,1995,49
Gabon,1996,50
Gabon,1997,50
Gabon,1998,52
Gabon,1999,55
Gabon,2000,55
Gabon,2001,52
Gabon,2002,58
Gabon,2003,62
Gabon,2004,66
Gabon,2005,67
Gabon,2006,69
Gabon,2007,69
Gabon,2008,69
Gabon,2009,71
Gabon,2010,69
Gabon,2011,70
Gabon,2012,71
Gabon,2013,70
Gabon,2014,70
Gabon,2015,68
Gabon,2016,71
Gambia,1993,24
Gambia,1994,63
Gambia,1995,62
Gambia,1996,65
Gambia,1997,65
Gambia,1998,70
Gambia,1999,70
Gambia,2000,70
Gambia,2001,65
Gambia,2002,65
Gambia,2003,63
Gambia,2004,72
Gambia,2005,73
Gambia,2006,77
Gambia,2007,79
Gambia,2008,79
Gambia,2009,81
Gambia,2010,81
Gambia,2011,81
Gambia,2012,83
Gambia,2013,83
Gambia,2014,81
Gambia,2015,87
Gambia,2016,87
Georgia,1993,73
Georgia,1994,70
Georgia,1995,68
Georgia,1996,55
Georgia,1997,56
Georgia,1998,57
Georgia,1999,47
Georgia,2000,53
Georgia,2001,53
Georgia,2002,54
Georgia,2003,54
Georgia,2004,56
Georgia,2005,56
Georgia,2006,57
Georgia,2007,60
Georgia,2008,60
Georgia,2009,59
Georgia,2010,55
Georgia,2011,52
Georgia,2012,49
Georgia,2013,47
Georgia,2014,48
Georgia,2015,49
Georgia,2016,50
Germany,1993,11
Germany,1994,18
Germany,1995,21
Germany,1996,11
Germany,1997,11
Germany,1998,13
Germany,1999,13
Germany,2000,13
Germany,2001,15
Germany,2002,15
Germany,2003,16
Germany,2004,16
Germany,2005,16
Germany,2006,16
Germany,2007,16
Germany,2008,16
Germany,2009,17
Germany,2010,17
Germany,2011,17
Germany,2012,17
Germany,2013,17
Germany,2014,18
Germany,2015,20
Germany,2016,20
Ghana,1993,63
Ghana,1994,62
Ghana,1995,62
Ghana,1996,59
Ghana,1997,60
Ghana,1998,61
Ghana,1999,61
Ghana,2000,55
Ghana,2001,27
Ghana,2002,30
Ghana,2003,28
Ghana,2004,26
Ghana,2005,28
Ghana,2006,26
Ghana,2007,27
Ghana,2008,26
Ghana,2009,26
Ghana,2010,26
Ghana,2011,28
Ghana,2012,28
Ghana,2013,28
Ghana,2014,28
Ghana,2015,31
Ghana,2016,33
Greece,1993,30
Greece,1994,26
Greece,1995,29
Greece,1996,27
Greece,1997,30
Greece,1998,30
Greece,1999,30
Greece,2000,30
Greece,2001,30
Greece,2002,28
Greece,2003,28
Greece,2004,28
Greece,2005,28
Greece,2006,25
Greece,2007,27
Greece,2008,29
Greece,2009,29
Greece,2010,30
Greece,2011,30
Greece,2012,41
Greece,2013,46
Greece,2014,51
Greece,2015,48
Greece,2016,44
Grenada,1993,22
Grenada,1994,20
Grenada,1995,20
Grenada,1996,20
Grenada,1997,20
Grenada,1998,20
Grenada,1999,20
Grenada,2000,20
Grenada,2001,16
Grenada,2002,14
Grenada,2003,16
Grenada,2004,20
Grenada,2005,23
Grenada,2006,23
Grenada,2007,24
Grenada,2008,24
Grenada,2009,24
Grenada,2010,24
Grenada,2011,24
Grenada,2012,23
Grenada,2013,24
Grenada,2014,23
Grenada,2015,24
Grenada,2016,26
Guatemala,1993,59
Guatemala,1994,60
Guatemala,1995,56
Guatemala,1996,56
Guatemala,1997,59
Guatemala,1998,60
Guatemala,1999,54
Guatemala,2000,49
Guatemala,2001,49
Guatemala,2002,58
Guatemala,2003,62
Guatemala,2004,58
Guatemala,2005,58
Guatemala,2006,59
Guatemala,2007,58
Guatemala,2008,60
Guatemala,2009,60
Guatemala,2010,59
Guatemala,2011,60
Guatemala,2012,59
Guatemala,2013,60
Guatemala,2014,60
Guatemala,2015,58
Guatemala,2016,58
Guinea,1993,63
Guinea,1994,66
Guinea,1995,61
Guinea,1996,63
Guinea,1997,69
Guinea,1998,71
Guinea,1999,71
Guinea,2000,71
Guinea,2001,74
Guinea,2002,74
Guinea,2003,71
Guinea,2004,73
Guinea,2005,67
Guinea,2006,67
Guinea,2007,66
Guinea,2008,66
Guinea,2009,71
Guinea,2010,59
Guinea,2011,62
Guinea,2012,62
Guinea,2013,64
Guinea,2014,64
Guinea,2015,65
Guinea,2016,66
Guinea Bissau,1993,48
Guinea Bissau,1994,50
Guinea Bissau,1995,49
Guinea Bissau,1996,57
Guinea Bissau,1997,57
Guinea Bissau,1998,57
Guinea Bissau,1999,56
Guinea Bissau,2000,56
Guinea Bissau,2001,56
Guinea Bissau,2002,60
Guinea Bissau,2003,63
Guinea Bissau,2004,55
Guinea Bissau,2005,47
Guinea Bissau,2006,48
Guinea Bissau,2007,53
Guinea Bissau,2008,52
Guinea Bissau,2009,54
Guinea Bissau,2010,57
Guinea Bissau,2011,57
Guinea Bissau,2012,65
Guinea Bissau,2013,67
Guinea Bissau,2014,59
Guinea Bissau,2015,60
Guinea Bissau,2016,59
Guyana,1993,41
Guyana,1994,28
Guyana,1995,26
Guyana,1996,26
Guyana,1997,22
Guyana,1998,22
Guyana,1999,22
Guyana,2000,22
Guyana,2001,23
Guyana,2002,21
Guyana,2003,20
Guyana,2004,23
Guyana,2005,27
Guyana,2006,29
Guyana,2007,31
Guyana,2008,30
Guyana,2009,30
Guyana,2010,30
Guyana,2011,33
Guyana,2012,33
Guyana,2013,34
Guyana,2014,36
Guyana,2015,36
Guyana,2016,38
Haiti,1993,87
Haiti,1994,51
Haiti,1995,59
Haiti,1996,59
Haiti,1997,59
Haiti,1998,58
Haiti,1999,58
Haiti,2000,59
Haiti,2001,72
Haiti,2002,79
Haiti,2003,79
Haiti,2004,66
Haiti,2005,68
Haiti,2006,59
Haiti,2007,56
Haiti,2008,53
Haiti,2009,49
Haiti,2010,49
Haiti,2011,50
Haiti,2012,49
Haiti,2013,50
Haiti,2014,50
Haiti,2015,52
Haiti,2016,52
Honduras,1993,55
Honduras,1994,45
Honduras,1995,34
Honduras,1996,47
Honduras,1997,47
Honduras,1998,48
Honduras,1999,48
Honduras,2000,45
Honduras,2001,43
Honduras,2002,51
Honduras,2003,52
Honduras,2004,51
Honduras,2005,52
Honduras,2006,51
Honduras,2007,51
Honduras,2008,52
Honduras,2009,59
Honduras,2010,61
Honduras,2011,62
Honduras,2012,62
Honduras,2013,64
Honduras,2014,68
Honduras,2015,67
Honduras,2016,66
Hong Kong,1993,30
Hong Kong,1994,30
Hong Kong,1995,30
Hong Kong,1996,41
Hong Kong,2004,28
Hong Kong,2005,29
Hong Kong,2006,30
Hong Kong,2007,30
Hong Kong,2008,33
Hong Kong,2009,33
Hong Kong,2010,32
Hong Kong,2011,33
Hong Kong,2012,35
Hong Kong,2013,37
Hong Kong,2014,41
Hong Kong,2015,39
Hong Kong,2016,42
Hungary,1993,30
Hungary,1994,38
Hungary,1995,34
Hungary,1996,31
Hungary,1997,28
Hungary,1998,28
Hungary,1999,30
Hungary,2000,28
Hungary,2001,23
Hungary,2002,23
Hungary,2003,20
Hungary,2004,21
Hungary,2005,21
Hungary,2006,21
Hungary,2007,21
Hungary,2008,21
Hungary,2009,23
Hungary,2010,30
Hungary,2011,36
Hungary,2012,36
Hungary,2013,35
Hungary,2014,37
Hungary,2015,40
Hungary,2016,44
Iceland,1993,14
Iceland,1994,12
Iceland,1995,12
Iceland,1996,12
Iceland,1997,12
Iceland,1998,12
Iceland,1999,12
Iceland,2000,12
Iceland,2001,8
Iceland,2002,8
Iceland,2003,8
Iceland,2004,9
Iceland,2005,9
Iceland,2006,9
Iceland,2007,9
Iceland,2008,9
Iceland,2009,10
Iceland,2010,12
Iceland,2011,14
Iceland,2012,14
Iceland,2013,12
Iceland,2014,16
Iceland,2015,15
Iceland,2016,15
India,1993,38
India,1994,49
India,1995,48
India,1996,40
India,1997,37
India,1998,37
India,1999,42
India,2000,42
India,2001,42
India,2002,45
India,2003,41
India,2004,38
India,2005,37
India,2006,35
India,2007,35
India,2008,36
India,2009,33
India,2010,35
India,2011,37
India,2012,38
India,2013,39
India,2014,40
India,2015,41
India,2016,43
Indonesia,1993,58
Indonesia,1994,71
Indonesia,1995,74
Indonesia,1996,77
Indonesia,1997,77
Indonesia,1998,53
Indonesia,1999,49
Indonesia,2000,47
Indonesia,2001,53
Indonesia,2002,56
Indonesia,2003,55
Indonesia,2004,58
Indonesia,2005,58
Indonesia,2006,54
Indonesia,2007,54
Indonesia,2008,54
Indonesia,2009,52
Indonesia,2010,53
Indonesia,2011,49
Indonesia,2012,49
Indonesia,2013,49
Indonesia,2014,49
Indonesia,2015,49
Indonesia,2016,49
Iran,1993,81
Iran,1994,83
Iran,1995,80
Iran,1996,80
Iran,1997,78
Iran,1998,76
Iran,1999,68
Iran,2000,72
Iran,2001,75
Iran,2002,76
Iran,2003,79
Iran,2004,80
Iran,2005,84
Iran,2006,84
Iran,2007,85
Iran,2008,85
Iran,2009,89
Iran,2010,91
Iran,2011,92
Iran,2012,92
Iran,2013,90
Iran,2014,90
Iran,2015,90
Iran,2016,90
Iraq,1993,99
Iraq,1994,100
Iraq,1995,100
Iraq,1996,100
Iraq,1997,100
Iraq,1998,98
Iraq,1999,98
Iraq,2000,100
Iraq,2001,96
Iraq,2002,95
Iraq,2003,66
Iraq,2004,70
Iraq,2005,71
Iraq,2006,70
Iraq,2007,69
Iraq,2008,67
Iraq,2009,65
Iraq,2010,68
Iraq,2011,69
Iraq,2012,67
Iraq,2013,69
Iraq,2014,72
Iraq,2015,71
Iraq,2016,71
Ireland,1993,16
Ireland,1994,15
Ireland,1995,18
Ireland,1996,19
Ireland,1997,21
Ireland,1998,20
Ireland,1999,21
Ireland,2000,18
Ireland,2001,16
Ireland,2002,16
Ireland,2003,16
Ireland,2004,15
Ireland,2005,15
Ireland,2006,16
Ireland,2007,15
Ireland,2008,15
Ireland,2009,15
Ireland,2010,16
Ireland,2011,16
Ireland,2012,16
Ireland,2013,16
Ireland,2014,16
Ireland,2015,17
Ireland,2016,18
Israel,1993,30
Israel,1994,30
Israel,1995,30
Israel,1996,28
Israel,1997,28
Israel,1998,28
Israel,1999,30
Israel,2000,30
Israel,2001,30
Israel,2002,27
Israel,2003,28
Israel,2004,28
Israel,2005,28
Israel,2006,29
Israel,2007,28
Israel,2008,31
Israel,2009,29
Israel,2010,29
Israel,2011,30
Israel,2012,31
Israel,2013,30
Israel,2014,30
Israel,2015,32
Israel,2016,33
Italy,1993,25
Italy,1994,30
Italy,1995,30
Italy,1996,27
Italy,1997,27
Italy,1998,28
Italy,1999,27
Italy,2000,27
Italy,2001,27
Italy,2002,28
Italy,2003,33
Italy,2004,35
Italy,2005,35
Italy,2006,29
Italy,2007,29
Italy,2008,32
Italy,2009,33
Italy,2010,34
Italy,2011,33
Italy,2012,33
Italy,2013,31
Italy,2014,31
Italy,2015,31
Italy,2016,31
Ivory Coast,1993,61
Ivory Coast,1994,63
Ivory Coast,1995,74
Ivory Coast,1996,74
Ivory Coast,1997,74
Ivory Coast,1998,74
Ivory Coast,1999,74
Ivory Coast,2000,77
Ivory Coast,2001,66
Ivory Coast,2002,68
Ivory Coast,2003,65
Ivory Coast,2004,69
Ivory Coast,2005,65
Ivory Coast,2006,68
Ivory Coast,2007,66
Ivory Coast,2008,67
Ivory Coast,2009,66
Ivory Coast,2010,68
Ivory Coast,2011,70
Ivory Coast,2012,61
Ivory Coast,2013,55
Ivory Coast,2014,53
Ivory Coast,2015,51
Ivory Coast,2016,51
Jamaica,1993,23
Jamaica,1994,18
Jamaica,1995,11
Jamaica,1996,11
Jamaica,1997,11
Jamaica,1998,11
Jamaica,1999,11
Jamaica,2000,11
Jamaica,2001,17
Jamaica,2002,20
Jamaica,2003,17
Jamaica,2004,15
Jamaica,2005,17
Jamaica,2006,15
Jamaica,2007,15
Jamaica,2008,15
Jamaica,2009,16
Jamaica,2010,18
Jamaica,2011,18
Jamaica,2012,18
Jamaica,2013,17
Jamaica,2014,17
Jamaica,2015,18
Jamaica,2016,19
Japan,1993,21
Japan,1994,20
Japan,1995,21
Japan,1996,20
Japan,1997,19
Japan,1998,19
Japan,1999,19
Japan,2000,23
Japan,2001,17
Japan,2002,17
Japan,2003,18
Japan,2004,20
Japan,2005,20
Japan,2006,21
Japan,2007,21
Japan,2008,21
Japan,2009,21
Japan,2010,21
Japan,2011,22
Japan,2012,24
Japan,2013,25
Japan,2014,25
Japan,2015,26
Japan,2016,27
Jordan,1993,52
Jordan,1994,48
Jordan,1995,45
Jordan,1996,48
Jordan,1997,60
Jordan,1998,65
Jordan,1999,57
Jordan,2000,60
Jordan,2001,60
Jordan,2002,65
Jordan,2003,63
Jordan,2004,62
Jordan,2005,61
Jordan,2006,61
Jordan,2007,63
Jordan,2008,64
Jordan,2009,63
Jordan,2010,63
Jordan,2011,63
Jordan,2012,63
Jordan,2013,68
Jordan,2014,66
Jordan,2015,66
Jordan,2016,68
Kazakhstan,1993,60
Kazakhstan,1994,61
Kazakhstan,1995,62
Kazakhstan,1996,64
Kazakhstan,1997,66
Kazakhstan,1998,68
Kazakhstan,1999,68
Kazakhstan,2000,70
Kazakhstan,2001,69
Kazakhstan,2002,73
Kazakhstan,2003,74
Kazakhstan,2004,75
Kazakhstan,2005,75
Kazakhstan,2006,76
Kazakhstan,2007,78
Kazakhstan,2008,78
Kazakhstan,2009,78
Kazakhstan,2010,80
Kazakhstan,2011,81
Kazakhstan,2012,84
Kazakhstan,2013,85
Kazakhstan,2014,85
Kazakhstan,2015,84
Kazakhstan,2016,85
Kenya,1993,60
Kenya,1994,52
Kenya,1995,62
Kenya,1996,59
Kenya,1997,63
Kenya,1998,70
Kenya,1999,70
Kenya,2000,70
Kenya,2001,67
Kenya,2002,68
Kenya,2003,60
Kenya,2004,61
Kenya,2005,58
Kenya,2006,59
Kenya,2007,60
Kenya,2008,60
Kenya,2009,57
Kenya,2010,54
Kenya,2011,52
Kenya,2012,53
Kenya,2013,57
Kenya,2014,57
Kenya,2015,58
Kenya,2016,58
Kiribati,1993,26
Kiribati,1994,24
Kiribati,1995,18
Kiribati,1996,18
Kiribati,1997,17
Kiribati,1998,17
Kiribati,1999,17
Kiribati,2000,22
Kiribati,2001,21
Kiribati,2002,26
Kiribati,2003,27
Kiribati,2004,26
Kiribati,2005,28
Kiribati,2006,26
Kiribati,2007,26
Kiribati,2008,27
Kiribati,2009,27
Kiribati,2010,27
Kiribati,2011,27
Kiribati,2012,27
Kiribati,2013,29
Kiribati,2014,29
Kiribati,2015,30
Kiribati,2016,30
Kosovo,2008,0
Kosovo,2009,53
Kosovo,2010,51
Kosovo,2011,49
Kosovo,2012,49
Kosovo,2013,49
Kosovo,2014,49
Kosovo,2015,49
Kosovo,2016,48
Kuwait,1993,67
Kuwait,1994,70
Kuwait,1995,42
Kuwait,1996,44
Kuwait,1997,44
Kuwait,1998,45
Kuwait,1999,48
Kuwait,2000,48
Kuwait,2001,49
Kuwait,2002,54
Kuwait,2003,57
Kuwait,2004,58
Kuwait,2005,56
Kuwait,2006,56
Kuwait,2007,54
Kuwait,2008,55
Kuwait,2009,55
Kuwait,2010,57
Kuwait,2011,57
Kuwait,2012,59
Kuwait,2013,59
Kuwait,2014,59
Kuwait,2015,59
Kuwait,2016,60
Kyrgyzstan,1993,49
Kyrgyzstan,1994,52
Kyrgyzstan,1995,60
Kyrgyzstan,1996,61
Kyrgyzstan,1997,64
Kyrgyzstan,1998,64
Kyrgyzstan,1999,61
Kyrgyzstan,2000,61
Kyrgyzstan,2001,68
Kyrgyzstan,2002,71
Kyrgyzstan,2003,71
Kyrgyzstan,2004,71
Kyrgyzstan,2005,64
Kyrgyzstan,2006,67
Kyrgyzstan,2007,70
Kyrgyzstan,2008,72
Kyrgyzstan,2009,73
Kyrgyzstan,2010,70
Kyrgyzstan,2011,69
Kyrgyzstan,2012,69
Kyrgyzstan,2013,66
Kyrgyzstan,2014,67
Kyrgyzstan,2015,67
Kyrgyzstan,2016,67
Laos,1993,70
Laos,1994,68
Laos,1995,62
Laos,1996,62
Laos,1997,66
Laos,1998,66
Laos,1999,66
Laos,2000,69
Laos,2001,82
Laos,2002,80
Laos,2003,82
Laos,2004,83
Laos,2005,81
Laos,2006,81
Laos,2007,83
Laos,2008,86
Laos,2009,84
Laos,2010,85
Laos,2011,84
Laos,2012,84
Laos,2013,84
Laos,2014,84
Laos,2015,84
Laos,2016,85
Latvia,1993,29
Latvia,1994,29
Latvia,1995,21
Latvia,1996,21
Latvia,1997,21
Latvia,1998,21
Latvia,1999,24
Latvia,2000,24
Latvia,2001,19
Latvia,2002,18
Latvia,2003,17
Latvia,2004,17
Latvia,2005,19
Latvia,2006,19
Latvia,2007,22
Latvia,2008,23
Latvia,2009,26
Latvia,2010,26
Latvia,2011,27
Latvia,2012,28
Latvia,2013,27
Latvia,2014,28
Latvia,2015,28
Latvia,2016,26
Lebanon,1993,46
Lebanon,1994,56
Lebanon,1995,46
Lebanon,1996,46
Lebanon,1997,62
Lebanon,1998,62
Lebanon,1999,61
Lebanon,2000,61
Lebanon,2001,74
Lebanon,2002,71
Lebanon,2003,66
Lebanon,2004,60
Lebanon,2005,60
Lebanon,2006,59
Lebanon,2007,55
Lebanon,2008,56
Lebanon,2009,55
Lebanon,2010,53
Lebanon,2011,51
Lebanon,2012,53
Lebanon,2013,53
Lebanon,2014,55
Lebanon,2015,56
Lebanon,2016,56
Lesotho,1993,47
Lesotho,1994,52
Lesotho,1995,55
Lesotho,1996,58
Lesotho,1997,58
Lesotho,1998,59
Lesotho,1999,56
Lesotho,2000,52
Lesotho,2001,46
Lesotho,2002,42
Lesotho,2003,40
Lesotho,2004,42
Lesotho,2005,42
Lesotho,2006,42
Lesotho,2007,46
Lesotho,2008,48
Lesotho,2009,48
Lesotho,2010,48
Lesotho,2011,49
Lesotho,2012,49
Lesotho,2013,47
Lesotho,2014,48
Lesotho,2015,49
Lesotho,2016,51
Liberia,1993,80
Liberia,1994,71
Liberia,1995,70
Liberia,1996,70
Liberia,1997,70
Liberia,1998,70
Liberia,1999,67
Liberia,2000,68
Liberia,2001,77
Liberia,2002,79
Liberia,2003,75
Liberia,2004,73
Liberia,2005,64
Liberia,2006,65
Liberia,2007,65
Liberia,2008,63
Liberia,2009,61
Liberia,2010,59
Liberia,2011,60
Liberia,2012,56
Liberia,2013,58
Liberia,2014,60
Liberia,2015,58
Liberia,2016,60
Libya,1993,87
Libya,1994,85
Libya,1995,89
Libya,1996,90
Libya,1997,90
Libya,1998,92
Libya,1999,90
Libya,2000,90
Libya,2001,88
Libya,2002,89
Libya,2003,94
Libya,2004,95
Libya,2005,96
Libya,2006,96
Libya,2007,94
Libya,2008,94
Libya,2009,94
Libya,2010,94
Libya,2011,60
Libya,2012,59
Libya,2013,62
Libya,2014,73
Libya,2015,75
Libya,2016,77
Liechtenstein,2002,11
Liechtenstein,2003,12
Liechtenstein,2004,14
Liechtenstein,2005,13
Liechtenstein,2006,14
Liechtenstein,2007,14
Liechtenstein,2008,14
Liechtenstein,2009,14
Liechtenstein,2010,14
Liechtenstein,2011,14
Liechtenstein,2012,14
Liechtenstein,2013,14
Liechtenstein,2014,14
Liechtenstein,2015,14
Liechtenstein,2016,15
Lithuania,1993,30
Lithuania,1994,29
Lithuania,1995,25
Lithuania,1996,20
Lithuania,1997,17
Lithuania,1998,18
Lithuania,1999,20
Lithuania,2000,20
Lithuania,2001,19
Lithuania,2002,18
Lithuania,2003,18
Lithuania,2004,18
Lithuania,2005,18
Lithuania,2006,18
Lithuania,2007,18
Lithuania,2008,18
Lithuania,2009,21
Lithuania,2010,22
Lithuania,2011,23
Lithuania,2012,24
Lithuania,2013,24
Lithuania,2014,25
Lithuania,2015,23
Lithuania,2016,21
Luxembourg,1993,12
Luxembourg,1994,10
Luxembourg,1995,10
Luxembourg,1996,10
Luxembourg,1997,10
Luxembourg,1998,10
Luxembourg,1999,10
Luxembourg,2000,10
Luxembourg,2001,14
Luxembourg,2002,14
Luxembourg,2003,12
Luxembourg,2004,11
Luxembourg,2005,11
Luxembourg,2006,12
Luxembourg,2007,12
Luxembourg,2008,12
Luxembourg,2009,12
Luxembourg,2010,12
Luxembourg,2011,12
Luxembourg,2012,12
Luxembourg,2013,12
Luxembourg,2014,12
Luxembourg,2015,13
Luxembourg,2016,14
Macedonia (F.Y.R.O.M.),1994,34
Macedonia (F.Y.R.O.M.),1995,36
Macedonia (F.Y.R.O.M.),1996,33
Macedonia (F.Y.R.O.M.),1997,44
Macedonia (F.Y.R.O.M.),1998,42
Macedonia (F.Y.R.O.M.),1999,42
Macedonia (F.Y.R.O.M.),2000,44
Macedonia (F.Y.R.O.M.),2001,46
Macedonia (F.Y.R.O.M.),2002,50
Macedonia (F.Y.R.O.M.),2003,53
Macedonia (F.Y.R.O.M.),2004,51
Macedonia (F.Y.R.O.M.),2005,49
Macedonia (F.Y.R.O.M.),2006,45
Macedonia (F.Y.R.O.M.),2007,47
Macedonia (F.Y.R.O.M.),2008,47
Macedonia (F.Y.R.O.M.),2009,46
Macedonia (F.Y.R.O.M.),2010,48
Macedonia (F.Y.R.O.M.),2011,54
Macedonia (F.Y.R.O.M.),2012,56
Macedonia (F.Y.R.O.M.),2013,57
Macedonia (F.Y.R.O.M.),2014,58
Macedonia (F.Y.R.O.M.),2015,62
Macedonia (F.Y.R.O.M.),2016,64
Madagascar,1993,45
Madagascar,1994,44
Madagascar,1995,32
Madagascar,1996,32
Madagascar,1997,32
Madagascar,1998,32
Madagascar,1999,32
Madagascar,2000,32
Madagascar,2001,31
Madagascar,2002,38
Madagascar,2003,41
Madagascar,2004,50
Madagascar,2005,49
Madagascar,2006,50
Madagascar,2007,48
Madagascar,2008,51
Madagascar,2009,61
Madagascar,2010,64
Madagascar,2011,63
Madagascar,2012,66
Madagascar,2013,63
Madagascar,2014,59
Madagascar,2015,58
Madagascar,2016,58
Malawi,1993,41
Malawi,1994,43
Malawi,1995,36
Malawi,1996,38
Malawi,1997,40
Malawi,1998,42
Malawi,1999,52
Malawi,2000,52
Malawi,2001,54
Malawi,2002,57
Malawi,2003,52
Malawi,2004,54
Malawi,2005,55
Malawi,2006,53
Malawi,2007,55
Malawi,2008,56
Malawi,2009,56
Malawi,2010,55
Malawi,2011,60
Malawi,2012,53
Malawi,2013,51
Malawi,2014,49
Malawi,2015,45
Malawi,2016,45
Malaysia,1993,58
Malaysia,1994,64
Malaysia,1995,61
Malaysia,1996,61
Malaysia,1997,61
Malaysia,1998,66
Malaysia,1999,70
Malaysia,2000,70
Malaysia,2001,71
Malaysia,2002,71
Malaysia,2003,69
Malaysia,2004,69
Malaysia,2005,65
Malaysia,2006,68
Malaysia,2007,65
Malaysia,2008,65
Malaysia,2009,64
Malaysia,2010,64
Malaysia,2011,63
Malaysia,2012,64
Malaysia,2013,64
Malaysia,2014,65
Malaysia,2015,67
Malaysia,2016,69
Maldives,1993,68
Maldives,1994,62
Maldives,1995,68
Maldives,1996,65
Maldives,1997,66
Maldives,1998,66
Maldives,1999,65
Maldives,2000,65
Maldives,2001,61
Maldives,2002,64
Maldives,2003,64
Maldives,2004,68
Maldives,2005,70
Maldives,2006,68
Maldives,2007,66
Maldives,2008,56
Maldives,2009,50
Maldives,2010,50
Maldives,2011,51
Maldives,2012,55
Maldives,2013,55
Maldives,2014,55
Maldives,2015,58
Maldives,2016,62
Mali,1993,43
Mali,1994,52
Mali,1995,24
Mali,1996,24
Mali,1997,30
Mali,1998,27
Mali,1999,26
Mali,2000,22
Mali,2001,23
Mali,2002,24
Mali,2003,27
Mali,2004,23
Mali,2005,24
Mali,2006,24
Mali,2007,27
Mali,2008,26
Mali,2009,25
Mali,2010,24
Mali,2011,24
Mali,2012,46
Mali,2013,37
Mali,2014,37
Mali,2015,37
Mali,2016,37
Malta,1993,27
Malta,1994,24
Malta,1995,17
Malta,1996,17
Malta,1997,17
Malta,1998,17
Malta,1999,17
Malta,2000,14
Malta,2001,13
Malta,2002,13
Malta,2003,15
Malta,2004,18
Malta,2005,18
Malta,2006,17
Malta,2007,20
Malta,2008,22
Malta,2009,22
Malta,2010,22
Malta,2011,22
Malta,2012,22
Malta,2013,23
Malta,2014,23
Malta,2015,23
Malta,2016,23
Marshall Islands,1993,18
Marshall Islands,1994,19
Marshall Islands,1995,8
Marshall Islands,1996,8
Marshall Islands,1997,8
Marshall Islands,1998,8
Marshall Islands,1999,8
Marshall Islands,2000,8
Marshall Islands,2001,10
Marshall Islands,2002,10
Marshall Islands,2003,12
Marshall Islands,2004,13
Marshall Islands,2005,15
Marshall Islands,2006,17
Marshall Islands,2007,17
Marshall Islands,2008,17
Marshall Islands,2009,17
Marshall Islands,2010,17
Marshall Islands,2011,17
Marshall Islands,2012,17
Marshall Islands,2013,17
Marshall Islands,2014,17
Marshall Islands,2015,17
Marshall Islands,2016,17
Mauritania,1993,68
Mauritania,1994,77
Mauritania,1995,71
Mauritania,1996,71
Mauritania,1997,71
Mauritania,1998,71
Mauritania,1999,67
Mauritania,2000,67
Mauritania,2001,61
Mauritania,2002,61
Mauritania,2003,64
Mauritania,2004,65
Mauritania,2005,57
Mauritania,2006,55
Mauritania,2007,56
Mauritania,2008,58
Mauritania,2009,56
Mauritania,2010,53
Mauritania,2011,52
Mauritania,2012,47
Mauritania,2013,48
Mauritania,2014,50
Mauritania,2015,51
Mauritania,2016,53
Mauritius,1993,30
Mauritius,1994,30
Mauritius,1995,25
Mauritius,1996,25
Mauritius,1997,20
Mauritius,1998,20
Mauritius,1999,17
Mauritius,2000,17
Mauritius,2001,17
Mauritius,2002,24
Mauritius,2003,26
Mauritius,2004,28
Mauritius,2005,26
Mauritius,2006,26
Mauritius,2007,26
Mauritius,2008,26
Mauritius,2009,27
Mauritius,2010,28
Mauritius,2011,29
Mauritius,2012,30
Mauritius,2013,30
Mauritius,2014,30
Mauritius,2015,29
Mauritius,2016,29
Mexico,1993,60
Mexico,1994,54
Mexico,1995,52
Mexico,1996,52
Mexico,1997,54
Mexico,1998,54
Mexico,1999,50
Mexico,2000,46
Mexico,2001,40
Mexico,2002,38
Mexico,2003,36
Mexico,2004,42
Mexico,2005,48
Mexico,2006,48
Mexico,2007,51
Mexico,2008,55
Mexico,2009,60
Mexico,2010,62
Mexico,2011,62
Mexico,2012,61
Mexico,2013,61
Mexico,2014,63
Mexico,2015,64
Mexico,2016,64
Micronesia,1993,25
Micronesia,1994,23
Micronesia,1995,23
Micronesia,1996,23
Micronesia,1997,26
Micronesia,1998,26
Micronesia,1999,24
Micronesia,2000,22
Micronesia,2001,20
Micronesia,2002,17
Micronesia,2003,19
Micronesia,2004,18
Micronesia,2005,20
Micronesia,2006,20
Micronesia,2007,21
Micronesia,2008,21
Micronesia,2009,21
Micronesia,2010,21
Micronesia,2011,21
Micronesia,2012,21
Micronesia,2013,21
Micronesia,2014,21
Micronesia,2015,21
Micronesia,2016,21
Moldova,1993,41
Moldova,1994,47
Moldova,1995,62
Moldova,1996,57
Moldova,1997,58
Moldova,1998,56
Moldova,1999,58
Moldova,2000,59
Moldova,2001,59
Moldova,2002,59
Moldova,2003,63
Moldova,2004,65
Moldova,2005,65
Moldova,2006,65
Moldova,2007,66
Moldova,2008,67
Moldova,2009,65
Moldova,2010,55
Moldova,2011,54
Moldova,2012,53
Moldova,2013,53
Moldova,2014,55
Moldova,2015,56
Moldova,2016,56
Monaco,2002,9
Monaco,2003,13
Monaco,2004,14
Monaco,2005,16
Monaco,2006,16
Monaco,2007,16
Monaco,2008,16
Monaco,2009,16
Monaco,2010,16
Monaco,2011,16
Monaco,2012,16
Monaco,2013,15
Monaco,2014,15
Monaco,2015,15
Monaco,2016,16
Mongolia,1993,40
Mongolia,1994,41
Mongolia,1995,34
Mongolia,1996,34
Mongolia,1997,34
Mongolia,1998,30
Mongolia,1999,29
Mongolia,2000,28
Mongolia,2001,31
Mongolia,2002,36
Mongolia,2003,36
Mongolia,2004,35
Mongolia,2005,34
Mongolia,2006,36
Mongolia,2007,38
Mongolia,2008,41
Mongolia,2009,39
Mongolia,2010,39
Mongolia,2011,37
Mongolia,2012,37
Mongolia,2013,37
Mongolia,2014,37
Mongolia,2015,37
Mongolia,2016,37
Montenegro,2006,37
Montenegro,2007,38
Montenegro,2008,37
Montenegro,2009,37
Montenegro,2010,37
Montenegro,2011,35
Montenegro,2012,36
Montenegro,2013,39
Montenegro,2014,39
Montenegro,2015,41
Montenegro,2016,44
Morocco,1993,59
Morocco,1994,53
Morocco,1995,48
Morocco,1996,51
Morocco,1997,51
Morocco,1998,51
Morocco,1999,49
Morocco,2000,53
Morocco,2001,58
Morocco,2002,57
Morocco,2003,61
Morocco,2004,63
Morocco,2005,61
Morocco,2006,62
Morocco,2007,64
Morocco,2008,64
Morocco,2009,66
Morocco,2010,68
Morocco,2011,68
Morocco,2012,66
Morocco,2013,66
Morocco,2014,66
Morocco,2015,66
Morocco,2016,66
Mozambique,1993,61
Mozambique,1994,54
Mozambique,1995,36
Mozambique,1996,50
Mozambique,1997,48
Mozambique,1998,48
Mozambique,1999,48
Mozambique,2000,48
Mozambique,2001,48
Mozambique,2002,47
Mozambique,2003,45
Mozambique,2004,45
Mozambique,2005,43
Mozambique,2006,40
Mozambique,2007,40
Mozambique,2008,41
Mozambique,2009,42
Mozambique,2010,44
Mozambique,2011,43
Mozambique,2012,42
Mozambique,2013,45
Mozambique,2014,44
Mozambique,2015,46
Mozambique,2016,48
Namibia,1993,23
Namibia,1994,23
Namibia,1995,30
Namibia,1996,30
Namibia,1997,30
Namibia,1998,38
Namibia,1999,34
Namibia,2000,34
Namibia,2001,34
Namibia,2002,37
Namibia,2003,34
Namibia,2004,29
Namibia,2005,30
Namibia,2006,30
Namibia,2007,30
Namibia,2008,30
Namibia,2009,34
Namibia,2010,34
Namibia,2011,32
Namibia,2012,31
Namibia,2013,31
Namibia,2014,33
Namibia,2015,33
Namibia,2016,32
Nauru,1993,20
Nauru,1994,18
Nauru,1995,6
Nauru,1996,6
Nauru,1997,6
Nauru,1998,6
Nauru,1999,6
Nauru,2000,13
Nauru,2001,27
Nauru,2002,26
Nauru,2003,25
Nauru,2004,29
Nauru,2005,30
Nauru,2006,28
Nauru,2007,28
Nauru,2008,28
Nauru,2009,28
Nauru,2010,28
Nauru,2011,28
Nauru,2012,28
Nauru,2013,31
Nauru,2014,32
Nauru,2015,41
Nauru,2016,46
Nepal,1993,53
Nepal,1994,54
Nepal,1995,52
Nepal,1996,56
Nepal,1997,59
Nepal,1998,59
Nepal,1999,59
Nepal,2000,57
Nepal,2001,60
Nepal,2002,65
Nepal,2003,65
Nepal,2004,69
Nepal,2005,77
Nepal,2006,58
Nepal,2007,57
Nepal,2008,57
Nepal,2009,59
Nepal,2010,59
Nepal,2011,55
Nepal,2012,58
Nepal,2013,55
Nepal,2014,55
Nepal,2015,54
Nepal,2016,52
Netherlands,1993,14
Netherlands,1994,18
Netherlands,1995,14
Netherlands,1996,14
Netherlands,1997,14
Netherlands,1998,14
Netherlands,1999,14
Netherlands,2000,15
Netherlands,2001,15
Netherlands,2002,15
Netherlands,2003,12
Netherlands,2004,11
Netherlands,2005,11
Netherlands,2006,13
Netherlands,2007,13
Netherlands,2008,13
Netherlands,2009,14
Netherlands,2010,14
Netherlands,2011,12
Netherlands,2012,11
Netherlands,2013,10
Netherlands,2014,11
Netherlands,2015,11
Netherlands,2016,11
New Zealand,1993,8
New Zealand,1994,8
New Zealand,1995,6
New Zealand,1996,6
New Zealand,1997,6
New Zealand,1998,8
New Zealand,1999,8
New Zealand,2000,8
New Zealand,2001,8
New Zealand,2002,8
New Zealand,2003,10
New Zealand,2004,12
New Zealand,2005,13
New Zealand,2006,13
New Zealand,2007,13
New Zealand,2008,14
New Zealand,2009,14
New Zealand,2010,15
New Zealand,2011,17
New Zealand,2012,16
New Zealand,2013,18
New Zealand,2014,19
New Zealand,2015,20
New Zealand,2016,19
Nicaragua,1993,56
Nicaragua,1994,53
Nicaragua,1995,44
Nicaragua,1996,44
Nicaragua,1997,40
Nicaragua,1998,40
Nicaragua,1999,40
Nicaragua,2000,40
Nicaragua,2001,32
Nicaragua,2002,40
Nicaragua,2003,37
Nicaragua,2004,42
Nicaragua,2005,44
Nicaragua,2006,42
Nicaragua,2007,43
Nicaragua,2008,45
Nicaragua,2009,47
Nicaragua,2010,47
Nicaragua,2011,49
Nicaragua,2012,51
Nicaragua,2013,52
Nicaragua,2014,52
Nicaragua,2015,54
Nicaragua,2016,55
Niger,1993,61
Niger,1994,61
Niger,1995,54
Niger,1996,63
Niger,1997,63
Niger,1998,68
Niger,1999,62
Niger,2000,62
Niger,2001,49
Niger,2002,53
Niger,2003,56
Niger,2004,53
Niger,2005,56
Niger,2006,58
Niger,2007,63
Niger,2008,64
Niger,2009,68
Niger,2010,59
Niger,2011,49
Niger,2012,50
Niger,2013,52
Niger,2014,51
Niger,2015,53
Niger,2016,52
Nigeria,1993,57
Nigeria,1994,69
Nigeria,1995,92
Nigeria,1996,93
Nigeria,1997,93
Nigeria,1998,55
Nigeria,1999,53
Nigeria,2000,55
Nigeria,2001,57
Nigeria,2002,53
Nigeria,2003,53
Nigeria,2004,52
Nigeria,2005,54
Nigeria,2006,55
Nigeria,2007,53
Nigeria,2008,54
Nigeria,2009,54
Nigeria,2010,52
Nigeria,2011,50
Nigeria,2012,51
Nigeria,2013,51
Nigeria,2014,53
Nigeria,2015,51
Nigeria,2016,51
North Korea,1993,90
North Korea,1994,92
North Korea,1995,100
North Korea,1996,100
North Korea,1997,100
North Korea,1998,100
North Korea,1999,100
North Korea,2000,100
North Korea,2001,96
North Korea,2002,96
North Korea,2003,98
North Korea,2004,97
North Korea,2005,97
North Korea,2006,97
North Korea,2007,98
North Korea,2008,98
North Korea,2009,99
North Korea,2010,97
North Korea,2011,97
North Korea,2012,96
North Korea,2013,97
North Korea,2014,97
North Korea,2015,97
North Korea,2016,98
Norway,1993,10
Norway,1994,8
Norway,1995,5
Norway,1996,5
Norway,1997,5
Norway,1998,5
Norway,1999,5
Norway,2000,5
Norway,2001,9
Norway,2002,9
Norway,2003,9
Norway,2004,10
Norway,2005,10
Norway,2006,11
Norway,2007,10
Norway,2008,10
Norway,2009,10
Norway,2010,11
Norway,2011,10
Norway,2012,10
Norway,2013,10
Norway,2014,10
Norway,2015,9
Norway,2016,8
Oman,1993,68
Oman,1994,69
Oman,1995,62
Oman,1996,67
Oman,1997,75
Oman,1998,75
Oman,1999,71
Oman,2000,71
Oman,2001,68
Oman,2002,73
Oman,2003,74
Oman,2004,72
Oman,2005,70
Oman,2006,71
Oman,2007,71
Oman,2008,71
Oman,2009,71
Oman,2010,71
Oman,2011,71
Oman,2012,71
Oman,2013,71
Oman,2014,71
Oman,2015,71
Oman,2016,71
Pakistan,1993,58
Pakistan,1994,59
Pakistan,1995,60
Pakistan,1996,54
Pakistan,1997,58
Pakistan,1998,60
Pakistan,1999,64
Pakistan,2000,57
Pakistan,2001,57
Pakistan,2002,58
Pakistan,2003,59
Pakistan,2004,61
Pakistan,2005,61
Pakistan,2006,63
Pakistan,2007,66
Pakistan,2008,62
Pakistan,2009,61
Pakistan,2010,61
Pakistan,2011,63
Pakistan,2012,64
Pakistan,2013,64
Pakistan,2014,65
Pakistan,2015,64
Pakistan,2016,65
Palau,2002,9
Palau,2003,11
Palau,2004,13
Palau,2005,14
Palau,2006,14
Palau,2007,14
Palau,2008,14
Palau,2009,14
Palau,2010,14
Palau,2011,16
Palau,2012,16
Palau,2013,15
Palau,2014,15
Palau,2015,15
Palau,2016,15
Panama,1993,27
Panama,1994,22
Panama,1995,30
Panama,1996,30
Panama,1997,30
Panama,1998,30
Panama,1999,30
Panama,2000,30
Panama,2001,30
Panama,2002,34
Panama,2003,45
Panama,2004,44
Panama,2005,43
Panama,2006,43
Panama,2007,44
Panama,2008,44
Panama,2009,44
Panama,2010,44
Panama,2011,46
Panama,2012,48
Panama,2013,50
Panama,2014,49
Panama,2015,46
Panama,2016,41
Papua New Guinea,1993,25
Papua New Guinea,1994,23
Papua New Guinea,1995,30
Papua New Guinea,1996,30
Papua New Guinea,1997,28
Papua New Guinea,1998,28
Papua New Guinea,1999,28
Papua New Guinea,2000,29
Papua New Guinea,2001,26
Papua New Guinea,2002,25
Papua New Guinea,2003,25
Papua New Guinea,2004,29
Papua New Guinea,2005,29
Papua New Guinea,2006,30
Papua New Guinea,2007,28
Papua New Guinea,2008,26
Papua New Guinea,2009,24
Papua New Guinea,2010,25
Papua New Guinea,2011,27
Papua New Guinea,2012,28
Papua New Guinea,2013,29
Papua New Guinea,2014,29
Papua New Guinea,2015,29
Papua New Guinea,2016,29
Paraguay,1993,41
Paraguay,1994,56
Paraguay,1995,52
Paraguay,1996,52
Paraguay,1997,52
Paraguay,1998,47
Paraguay,1999,51
Paraguay,2000,51
Paraguay,2001,51
Paraguay,2002,55
Paraguay,2003,54
Paraguay,2004,56
Paraguay,2005,57
Paraguay,2006,60
Paraguay,2007,60
Paraguay,2008,59
Paraguay,2009,59
Paraguay,2010,60
Paraguay,2011,60
Paraguay,2012,61
Paraguay,2013,59
Paraguay,2014,59
Paraguay,2015,58
Paraguay,2016,59
Peru,1993,58
Peru,1994,57
Peru,1995,60
Peru,1996,56
Peru,1997,59
Peru,1998,63
Peru,1999,67
Peru,2000,54
Peru,2001,30
Peru,2002,35
Peru,2003,34
Peru,2004,40
Peru,2005,39
Peru,2006,42
Peru,2007,44
Peru,2008,44
Peru,2009,44
Peru,2010,43
Peru,2011,44
Peru,2012,43
Peru,2013,44
Peru,2014,47
Peru,2015,46
Peru,2016,45
Philippines,1993,55
Philippines,1994,46
Philippines,1995,46
Philippines,1996,46
Philippines,1997,30
Philippines,1998,30
Philippines,1999,30
Philippines,2000,30
Philippines,2001,30
Philippines,2002,30
Philippines,2003,34
Philippines,2004,35
Philippines,2005,40
Philippines,2006,46
Philippines,2007,45
Philippines,2008,45
Philippines,2009,48
Philippines,2010,46
Philippines,2011,42
Philippines,2012,43
Philippines,2013,44
Philippines,2014,44
Philippines,2015,44
Philippines,2016,44
Poland,1993,30
Poland,1994,29
Poland,1995,21
Poland,1996,27
Poland,1997,25
Poland,1998,25
Poland,1999,19
Poland,2000,19
Poland,2001,18
Poland,2002,18
Poland,2003,19
Poland,2004,20
Poland,2005,21
Poland,2006,22
Poland,2007,24
Poland,2008,24
Poland,2009,24
Poland,2010,25
Poland,2011,25
Poland,2012,26
Poland,2013,27
Poland,2014,26
Poland,2015,28
Poland,2016,34
Portugal,1993,18
Portugal,1994,16
Portugal,1995,17
Portugal,1996,17
Portugal,1997,17
Portugal,1998,17
Portugal,1999,17
Portugal,2000,17
Portugal,2001,15
Portugal,2002,15
Portugal,2003,14
Portugal,2004,14
Portugal,2005,14
Portugal,2006,14
Portugal,2007,16
Portugal,2008,16
Portugal,2009,16
Portugal,2010,17
Portugal,2011,17
Portugal,2012,17
Portugal,2013,18
Portugal,2014,18
Portugal,2015,18
Portugal,2016,17
Qatar,1993,64
Qatar,1994,64
Qatar,1995,62
Qatar,1996,53
Qatar,1997,62
Qatar,1998,62
Qatar,1999,62
Qatar,2000,62
Qatar,2001,62
Qatar,2002,61
Qatar,2003,61
Qatar,2004,62
Qatar,2005,61
Qatar,2006,63
Qatar,2007,64
Qatar,2008,65
Qatar,2009,66
Qatar,2010,66
Qatar,2011,67
Qatar,2012,67
Qatar,2013,67
Qatar,2014,67
Qatar,2015,69
Qatar,2016,70
Romania,1993,55
Romania,1994,50
Romania,1995,49
Romania,1996,47
Romania,1997,39
Romania,1998,44
Romania,1999,44
Romania,2000,44
Romania,2001,35
Romania,2002,38
Romania,2003,47
Romania,2004,47
Romania,2005,44
Romania,2006,42
Romania,2007,44
Romania,2008,44
Romania,2009,43
Romania,2010,42
Romania,2011,41
Romania,2012,42
Romania,2013,41
Romania,2014,42
Romania,2015,38
Romania,2016,38
Russia,1993,40
Russia,1994,55
Russia,1995,58
Russia,1996,53
Russia,1997,53
Russia,1998,59
Russia,1999,60
Russia,2000,60
Russia,2001,60
Russia,2002,66
Russia,2003,67
Russia,2004,68
Russia,2005,72
Russia,2006,75
Russia,2007,78
Russia,2008,80
Russia,2009,81
Russia,2010,81
Russia,2011,80
Russia,2012,81
Russia,2013,81
Russia,2014,83
Russia,2015,83
Russia,2016,83
Rwanda,1993,63
Rwanda,1995,74
Rwanda,1996,74
Rwanda,1997,71
Rwanda,1998,72
Rwanda,1999,72
Rwanda,2000,72
Rwanda,2001,87
Rwanda,2002,80
Rwanda,2003,82
Rwanda,2004,84
Rwanda,2005,85
Rwanda,2006,84
Rwanda,2007,84
Rwanda,2008,85
Rwanda,2009,83
Rwanda,2010,84
Rwanda,2011,82
Rwanda,2012,80
Rwanda,2013,79
Rwanda,2014,79
Rwanda,2015,79
Rwanda,2016,79
Saint Kitts and Nevis,1993,21
Saint Kitts and Nevis,1994,19
Saint Kitts and Nevis,1995,18
Saint Kitts and Nevis,1996,18
Saint Kitts and Nevis,1997,18
Saint Kitts and Nevis,1998,18
Saint Kitts and Nevis,1999,18
Saint Kitts and Nevis,2000,18
Saint Kitts and Nevis,2001,18
Saint Kitts and Nevis,2002,18
Saint Kitts and Nevis,2003,21
Saint Kitts and Nevis,2004,23
Saint Kitts and Nevis,2005,21
Saint Kitts and Nevis,2006,20
Saint Kitts and Nevis,2007,19
Saint Kitts and Nevis,2008,19
Saint Kitts and Nevis,2009,20
Saint Kitts and Nevis,2010,20
Saint Kitts and Nevis,2011,20
Saint Kitts and Nevis,2012,20
Saint Kitts and Nevis,2013,20
Saint Kitts and Nevis,2014,20
Saint Kitts and Nevis,2015,20
Saint Kitts and Nevis,2016,21
Saint Lucia,1993,13
Saint Lucia,1994,13
Saint Lucia,1995,13
Saint Lucia,1996,13
Saint Lucia,1997,13
Saint Lucia,1998,13
Saint Lucia,1999,13
Saint Lucia,2000,13
Saint Lucia,2001,11
Saint Lucia,2002,8
Saint Lucia,2003,11
Saint Lucia,2004,16
Saint Lucia,2005,18
Saint Lucia,2006,16
Saint Lucia,2007,16
Saint Lucia,2008,15
Saint Lucia,2009,15
Saint Lucia,2010,15
Saint Lucia,2011,15
Saint Lucia,2012,15
Saint Lucia,2013,15
Saint Lucia,2014,15
Saint Lucia,2015,15
Saint Lucia,2016,17
Saint Thomas and Principe,1993,52
Saint Thomas and Principe,1994,34
Saint Thomas and Principe,1995,48
Saint Thomas and Principe,1996,48
Saint Thomas and Principe,1997,30
Saint Thomas and Principe,1998,30
Saint Thomas and Principe,1999,27
Saint Thomas and Principe,2000,25
Saint Thomas and Principe,2001,19
Saint Thomas and Principe,2002,19
Saint Thomas and Principe,2003,28
Saint Thomas and Principe,2004,28
Saint Thomas and Principe,2005,29
Saint Thomas and Principe,2006,29
Saint Thomas and Principe,2007,28
Saint Thomas and Principe,2008,28
Saint Thomas and Principe,2009,28
Saint Thomas and Principe,2010,29
Saint Thomas and Principe,2011,29
Saint Thomas and Principe,2012,28
Saint Thomas and Principe,2013,28
Saint Thomas and Principe,2014,28
Saint Thomas and Principe,2015,28
Saint Thomas and Principe,2016,28
Saint Vincent and Grenadines,1993,22
Saint Vincent and Grenadines,1994,12
Saint Vincent and Grenadines,1995,16
Saint Vincent and Grenadines,1996,16
Saint Vincent and Grenadines,1997,16
Saint Vincent and Grenadines,1998,16
Saint Vincent and Grenadines,1999,16
Saint Vincent and Grenadines,2000,16
Saint Vincent and Grenadines,2001,16
Saint Vincent and Grenadines,2002,17
Saint Vincent and Grenadines,2003,14
Saint Vincent and Grenadines,2004,16
Saint Vincent and Grenadines,2005,16
Saint Vincent and Grenadines,2006,17
Saint Vincent and Grenadines,2007,17
Saint Vincent and Grenadines,2008,17
Saint Vincent and Grenadines,2009,17
Saint Vincent and Grenadines,2010,17
Saint Vincent and Grenadines,2011,17
Saint Vincent and Grenadines,2012,17
Saint Vincent and Grenadines,2013,17
Saint Vincent and Grenadines,2014,17
Saint Vincent and Grenadines,2015,17
Saint Vincent and Grenadines,2016,21
Samoa,1993,30
Samoa,1994,29
Samoa,1995,28
Samoa,1996,28
Samoa,1997,28
Samoa,1998,31
Samoa,1999,34
Samoa,2000,21
Samoa,2001,23
Samoa,2002,24
Samoa,2003,24
Samoa,2004,25
Samoa,2005,29
Samoa,2006,30
Samoa,2007,29
Samoa,2008,29
Samoa,2009,29
Samoa,2010,30
Samoa,2011,29
Samoa,2012,29
Samoa,2013,29
Samoa,2014,30
Samoa,2015,29
Samoa,2016,29
San Marino,2002,9
San Marino,2003,14
San Marino,2004,16
San Marino,2005,17
San Marino,2006,17
San Marino,2007,17
San Marino,2008,17
San Marino,2009,17
San Marino,2010,17
San Marino,2011,17
San Marino,2012,16
San Marino,2013,16
San Marino,2014,16
San Marino,2015,16
San Marino,2016,17
Saudi Arabia,1993,71
Saudi Arabia,1994,76
Saudi Arabia,1995,62
Saudi Arabia,1996,80
Saudi Arabia,1997,80
Saudi Arabia,1998,85
Saudi Arabia,1999,90
Saudi Arabia,2000,92
Saudi Arabia,2001,80
Saudi Arabia,2002,80
Saudi Arabia,2003,80
Saudi Arabia,2004,80
Saudi Arabia,2005,79
Saudi Arabia,2006,82
Saudi Arabia,2007,81
Saudi Arabia,2008,82
Saudi Arabia,2009,83
Saudi Arabia,2010,83
Saudi Arabia,2011,84
Saudi Arabia,2012,84
Saudi Arabia,2013,83
Saudi Arabia,2014,83
Saudi Arabia,2015,86
Saudi Arabia,2016,86
Senegal,1993,56
Senegal,1994,48
Senegal,1995,31
Senegal,1996,37
Senegal,1997,33
Senegal,1998,33
Senegal,1999,33
Senegal,2000,34
Senegal,2001,39
Senegal,2002,38
Senegal,2003,37
Senegal,2004,37
Senegal,2005,44
Senegal,2006,46
Senegal,2007,49
Senegal,2008,53
Senegal,2009,57
Senegal,2010,54
Senegal,2011,55
Senegal,2012,52
Senegal,2013,48
Senegal,2014,48
Senegal,2015,49
Senegal,2016,47
Serbia,2006,39
Serbia,2007,39
Serbia,2008,39
Serbia,2009,35
Serbia,2010,33
Serbia,2011,35
Serbia,2012,36
Serbia,2013,37
Serbia,2014,40
Serbia,2015,45
Serbia,2016,49
Serbia and Montenegro,1993,86
Serbia and Montenegro,1994,87
Serbia and Montenegro,1995,77
Serbia and Montenegro,1996,75
Serbia and Montenegro,1997,75
Serbia and Montenegro,1998,81
Serbia and Montenegro,1999,81
Serbia and Montenegro,2000,56
Serbia and Montenegro,2001,45
Serbia and Montenegro,2002,40
Serbia and Montenegro,2003,40
Serbia and Montenegro,2004,40
Serbia and Montenegro,2005,40
Seychelles,1993,44
Seychelles,1994,57
Seychelles,1995,50
Seychelles,1996,50
Seychelles,1997,50
Seychelles,1998,50
Seychelles,1999,50
Seychelles,2000,51
Seychelles,2001,51
Seychelles,2002,50
Seychelles,2003,52
Seychelles,2004,58
Seychelles,2005,60
Seychelles,2006,60
Seychelles,2007,59
Seychelles,2008,59
Seychelles,2009,58
Seychelles,2010,56
Seychelles,2011,56
Seychelles,2012,56
Seychelles,2013,52
Seychelles,2014,50
Seychelles,2015,49
Seychelles,2016,49
Sierra Leone,1993,81
Sierra Leone,1994,72
Sierra Leone,1995,75
Sierra Leone,1996,75
Sierra Leone,1997,80
Sierra Leone,1998,80
Sierra Leone,1999,85
Sierra Leone,2000,75
Sierra Leone,2001,62
Sierra Leone,2002,61
Sierra Leone,2003,58
Sierra Leone,2004,59
Sierra Leone,2005,59
Sierra Leone,2006,56
Sierra Leone,2007,59
Sierra Leone,2008,56
Sierra Leone,2009,55
Sierra Leone,2010,53
Sierra Leone,2011,49
Sierra Leone,2012,49
Sierra Leone,2013,49
Sierra Leone,2014,50
Sierra Leone,2015,53
Sierra Leone,2016,54
Singapore,1993,60
Singapore,1994,65
Singapore,1995,61
Singapore,1996,66
Singapore,1997,66
Singapore,1998,66
Singapore,1999,66
Singapore,2000,68
Singapore,2001,68
Singapore,2002,66
Singapore,2003,64
Singapore,2004,66
Singapore,2005,66
Singapore,2006,69
Singapore,2007,69
Singapore,2008,68
Singapore,2009,68
Singapore,2010,68
Singapore,2011,67
Singapore,2012,67
Singapore,2013,67
Singapore,2014,67
Singapore,2015,67
Singapore,2016,67
Slovakia,1993,47
Slovakia,1994,55
Slovakia,1995,41
Slovakia,1996,49
Slovakia,1997,47
Slovakia,1998,30
Slovakia,1999,30
Slovakia,2000,26
Slovakia,2001,22
Slovakia,2002,21
Slovakia,2003,21
Slovakia,2004,21
Slovakia,2005,20
Slovakia,2006,20
Slovakia,2007,22
Slovakia,2008,23
Slovakia,2009,23
Slovakia,2010,22
Slovakia,2011,21
Slovakia,2012,22
Slovakia,2013,23
Slovakia,2014,24
Slovakia,2015,24
Slovakia,2016,26
Slovenia,1993,40
Slovenia,1994,37
Slovenia,1995,27
Slovenia,1996,28
Slovenia,1997,27
Slovenia,1998,27
Slovenia,1999,27
Slovenia,2000,21
Slovenia,2001,20
Slovenia,2002,19
Slovenia,2003,19
Slovenia,2004,19
Slovenia,2005,20
Slovenia,2006,21
Slovenia,2007,23
Slovenia,2008,24
Slovenia,2009,25
Slovenia,2010,25
Slovenia,2011,25
Slovenia,2012,24
Slovenia,2013,24
Slovenia,2014,25
Slovenia,2015,23
Slovenia,2016,23
Solomon Islands,1993,22
Solomon Islands,1994,18
Solomon Islands,1995,13
Solomon Islands,1996,14
Solomon Islands,1997,14
Solomon Islands,1998,16
Solomon Islands,1999,18
Solomon Islands,2000,22
Solomon Islands,2001,24
Solomon Islands,2002,25
Solomon Islands,2003,30
Solomon Islands,2004,30
Solomon Islands,2005,30
Solomon Islands,2006,30
Solomon Islands,2007,30
Solomon Islands,2008,30
Solomon Islands,2009,29
Solomon Islands,2010,29
Solomon Islands,2011,28
Solomon Islands,2012,28
Solomon Islands,2013,28
Solomon Islands,2014,28
Solomon Islands,2015,27
Solomon Islands,2016,27
Somalia,1995,79
Somalia,1996,86
Somalia,1997,86
Somalia,1998,88
Somalia,1999,88
Somalia,2000,86
Somalia,2001,88
Somalia,2002,80
Somalia,2003,80
Somalia,2004,83
Somalia,2005,83
Somalia,2006,85
Somalia,2007,84
Somalia,2008,84
Somalia,2009,84
Somalia,2010,84
Somalia,2011,84
Somalia,2012,84
Somalia,2013,82
Somalia,2014,79
Somalia,2015,79
Somalia,2016,79
Somaliland,2014,54
Somaliland,2015,54
Somaliland,2016,53
South Africa,1993,38
South Africa,1994,30
South Africa,1995,30
South Africa,1996,27
South Africa,1997,28
South Africa,1998,28
South Africa,1999,25
South Africa,2000,23
South Africa,2001,23
South Africa,2002,25
South Africa,2003,24
South Africa,2004,26
South Africa,2005,27
South Africa,2006,28
South Africa,2007,28
South Africa,2008,30
South Africa,2009,32
South Africa,2010,33
South Africa,2011,34
South Africa,2012,35
South Africa,2013,33
South Africa,2014,37
South Africa,2015,36
South Africa,2016,38
South Korea,1993,29
South Korea,1994,28
South Korea,1995,22
South Korea,1996,25
South Korea,1997,28
South Korea,1998,28
South Korea,1999,27
South Korea,2000,27
South Korea,2001,30
South Korea,2002,29
South Korea,2003,29
South Korea,2004,29
South Korea,2005,30
South Korea,2006,30
South Korea,2007,30
South Korea,2008,30
South Korea,2009,30
South Korea,2010,32
South Korea,2011,32
South Korea,2012,31
South Korea,2013,32
South Korea,2014,33
South Korea,2015,33
South Korea,2016,34
South Sudan,2011,59
South Sudan,2012,60
South Sudan,2013,62
South Sudan,2014,68
South Sudan,2015,66
South Sudan,2016,70
Spain,1993,14
Spain,1994,23
Spain,1995,17
Spain,1996,19
Spain,1997,17
Spain,1998,21
Spain,1999,18
Spain,2000,20
Spain,2001,17
Spain,2002,16
Spain,2003,19
Spain,2004,22
Spain,2005,21
Spain,2006,22
Spain,2007,23
Spain,2008,24
Spain,2009,24
Spain,2010,23
Spain,2011,24
Spain,2012,27
Spain,2013,28
Spain,2014,28
Spain,2015,28
Spain,2016,28
Sri Lanka,1993,43
Sri Lanka,1994,41
Sri Lanka,1995,46
Sri Lanka,1996,54
Sri Lanka,1997,50
Sri Lanka,1998,58
Sri Lanka,1999,70
Sri Lanka,2000,74
Sri Lanka,2001,63
Sri Lanka,2002,52
Sri Lanka,2003,53
Sri Lanka,2004,56
Sri Lanka,2005,58
Sri Lanka,2006,63
Sri Lanka,2007,67
Sri Lanka,2008,70
Sri Lanka,2009,72
Sri Lanka,2010,71
Sri Lanka,2011,72
Sri Lanka,2012,74
Sri Lanka,2013,76
Sri Lanka,2014,76
Sri Lanka,2015,64
Sri Lanka,2016,61
Sudan,1993,88
Sudan,1994,76
Sudan,1995,80
Sudan,1996,85
Sudan,1997,85
Sudan,1998,85
Sudan,1999,85
Sudan,2000,85
Sudan,2001,87
Sudan,2002,84
Sudan,2003,85
Sudan,2004,86
Sudan,2005,85
Sudan,2006,81
Sudan,2007,78
Sudan,2008,78
Sudan,2009,76
Sudan,2010,78
Sudan,2011,78
Sudan,2012,80
Sudan,2013,81
Sudan,2014,81
Sudan,2015,85
Sudan,2016,86
Suriname,1993,43
Suriname,1994,45
Suriname,1995,31
Suriname,1996,31
Suriname,1997,31
Suriname,1998,31
Suriname,1999,31
Suriname,2000,28
Suriname,2001,25
Suriname,2002,26
Suriname,2003,18
Suriname,2004,20
Suriname,2005,23
Suriname,2006,22
Suriname,2007,23
Suriname,2008,23
Suriname,2009,23
Suriname,2010,23
Suriname,2011,23
Suriname,2012,24
Suriname,2013,28
Suriname,2014,29
Suriname,2015,28
Suriname,2016,28
Swaziland,1993,72
Swaziland,1994,73
Swaziland,1995,69
Swaziland,1996,69
Swaziland,1997,75
Swaziland,1998,75
Swaziland,1999,77
Swaziland,2000,77
Swaziland,2001,77
Swaziland,2002,74
Swaziland,2003,77
Swaziland,2004,79
Swaziland,2005,77
Swaziland,2006,76
Swaziland,2007,76
Swaziland,2008,76
Swaziland,2009,76
Swaziland,2010,76
Swaziland,2011,76
Swaziland,2012,77
Swaziland,2013,78
Swaziland,2014,79
Swaziland,2015,82
Swaziland,2016,83
Sweden,1993,11
Sweden,1994,10
Sweden,1995,10
Sweden,1996,10
Sweden,1997,10
Sweden,1998,10
Sweden,1999,11
Sweden,2000,10
Sweden,2001,8
Sweden,2002,8
Sweden,2003,8
Sweden,2004,9
Sweden,2005,10
Sweden,2006,11
Sweden,2007,11
Sweden,2008,11
Sweden,2009,10
Sweden,2010,11
Sweden,2011,10
Sweden,2012,10
Sweden,2013,10
Sweden,2014,10
Sweden,2015,11
Sweden,2016,11
Switzerland,1993,11
Switzerland,1994,10
Switzerland,1995,8
Switzerland,1996,9
Switzerland,1997,8
Switzerland,1998,8
Switzerland,1999,8
Switzerland,2000,8
Switzerland,2001,8
Switzerland,2002,10
Switzerland,2003,9
Switzerland,2004,11
Switzerland,2005,11
Switzerland,2006,12
Switzerland,2007,13
Switzerland,2008,13
Switzerland,2009,13
Switzerland,2010,13
Switzerland,2011,12
Switzerland,2012,12
Switzerland,2013,12
Switzerland,2014,13
Switzerland,2015,13
Switzerland,2016,13
Syria,1993,75
Syria,1994,75
Syria,1995,75
Syria,1996,75
Syria,1997,74
Syria,1998,74
Syria,1999,73
Syria,2000,71
Syria,2001,78
Syria,2002,80
Syria,2003,80
Syria,2004,83
Syria,2005,84
Syria,2006,83
Syria,2007,83
Syria,2008,83
Syria,2009,83
Syria,2010,84
Syria,2011,89
Syria,2012,88
Syria,2013,89
Syria,2014,90
Syria,2015,90
Syria,2016,90
Taiwan,1993,29
Taiwan,1994,30
Taiwan,1995,30
Taiwan,1996,28
Taiwan,1997,25
Taiwan,1998,25
Taiwan,1999,21
Taiwan,2000,22
Taiwan,2001,21
Taiwan,2002,24
Taiwan,2003,23
Taiwan,2004,21
Taiwan,2005,20
Taiwan,2006,20
Taiwan,2007,20
Taiwan,2008,23
Taiwan,2009,24
Taiwan,2010,25
Taiwan,2011,25
Taiwan,2012,26
Taiwan,2013,26
Taiwan,2014,27
Taiwan,2015,26
Taiwan,2016,25
Tajikistan,1993,93
Tajikistan,1994,93
Tajikistan,1995,96
Tajikistan,1996,95
Tajikistan,1997,94
Tajikistan,1998,94
Tajikistan,1999,94
Tajikistan,2000,79
Tajikistan,2001,80
Tajikistan,2002,76
Tajikistan,2003,73
Tajikistan,2004,74
Tajikistan,2005,76
Tajikistan,2006,76
Tajikistan,2007,77
Tajikistan,2008,78
Tajikistan,2009,78
Tajikistan,2010,78
Tajikistan,2011,79
Tajikistan,2012,79
Tajikistan,2013,80
Tajikistan,2014,82
Tajikistan,2015,83
Tajikistan,2016,87
Tanzania,1993,60
Tanzania,1994,49
Tanzania,1995,49
Tanzania,1996,49
Tanzania,1997,48
Tanzania,1998,51
Tanzania,1999,49
Tanzania,2000,49
Tanzania,2001,49
Tanzania,2002,47
Tanzania,2003,50
Tanzania,2004,51
Tanzania,2005,50
Tanzania,2006,51
Tanzania,2007,48
Tanzania,2008,50
Tanzania,2009,50
Tanzania,2010,48
Tanzania,2011,49
Tanzania,2012,51
Tanzania,2013,55
Tanzania,2014,54
Tanzania,2015,55
Tanzania,2016,58
Thailand,1993,54
Thailand,1994,49
Thailand,1995,31
Thailand,1996,34
Thailand,1997,31
Thailand,1998,30
Thailand,1999,30
Thailand,2000,29
Thailand,2001,30
Thailand,2002,36
Thailand,2003,39
Thailand,2004,42
Thailand,2005,50
Thailand,2006,59
Thailand,2007,56
Thailand,2008,57
Thailand,2009,58
Thailand,2010,62
Thailand,2011,60
Thailand,2012,62
Thailand,2013,64
Thailand,2014,75
Thailand,2015,77
Thailand,2016,77
Timor Leste,2000,21
Timor Leste,2001,21
Timor Leste,2002,22
Timor Leste,2003,29
Timor Leste,2004,30
Timor Leste,2005,39
Timor Leste,2006,42
Timor Leste,2007,38
Timor Leste,2008,37
Timor Leste,2009,35
Timor Leste,2010,35
Timor Leste,2011,35
Timor Leste,2012,35
Timor Leste,2013,35
Timor Leste,2014,35
Timor Leste,2015,35
Timor Leste,2016,35
Togo,1993,85
Togo,1994,67
Togo,1995,70
Togo,1996,70
Togo,1997,73
Togo,1998,73
Togo,1999,74
Togo,2000,72
Togo,2001,68
Togo,2002,74
Togo,2003,78
Togo,2004,73
Togo,2005,78
Togo,2006,74
Togo,2007,74
Togo,2008,72
Togo,2009,74
Togo,2010,73
Togo,2011,69
Togo,2012,70
Togo,2013,65
Togo,2014,62
Togo,2015,60
Togo,2016,57
Tonga,1993,35
Tonga,1994,37
Tonga,1995,35
Tonga,1996,41
Tonga,1997,39
Tonga,1998,39
Tonga,1999,36
Tonga,2000,36
Tonga,2001,36
Tonga,2002,32
Tonga,2003,44
Tonga,2004,37
Tonga,2005,32
Tonga,2006,31
Tonga,2007,31
Tonga,2008,32
Tonga,2009,32
Tonga,2010,31
Tonga,2011,29
Tonga,2012,29
Tonga,2013,29
Tonga,2014,29
Tonga,2015,29
Tonga,2016,30
Trinidad and Tobago,1993,29
Trinidad and Tobago,1994,25
Trinidad and Tobago,1995,26
Trinidad and Tobago,1996,30
Trinidad and Tobago,1997,28
Trinidad and Tobago,1998,28
Trinidad and Tobago,1999,28
Trinidad and Tobago,2000,28
Trinidad and Tobago,2001,30
Trinidad and Tobago,2002,25
Trinidad and Tobago,2003,25
Trinidad and Tobago,2004,24
Trinidad and Tobago,2005,26
Trinidad and Tobago,2006,24
Trinidad and Tobago,2007,23
Trinidad and Tobago,2008,23
Trinidad and Tobago,2009,23
Trinidad and Tobago,2010,24
Trinidad and Tobago,2011,25
Trinidad and Tobago,2012,26
Trinidad and Tobago,2013,25
Trinidad and Tobago,2014,27
Trinidad and Tobago,2015,27
Trinidad and Tobago,2016,25
Tunisia,1993,59
Tunisia,1994,64
Tunisia,1995,70
Tunisia,1996,70
Tunisia,1997,74
Tunisia,1998,74
Tunisia,1999,74
Tunisia,2000,74
Tunisia,2001,73
Tunisia,2002,78
Tunisia,2003,80
Tunisia,2004,80
Tunisia,2005,83
Tunisia,2006,83
Tunisia,2007,81
Tunisia,2008,82
Tunisia,2009,85
Tunisia,2010,85
Tunisia,2011,51
Tunisia,2012,52
Tunisia,2013,53
Tunisia,2014,48
Tunisia,2015,52
Tunisia,2016,54
Turkey,1993,59
Turkey,1994,73
Turkey,1995,74
Turkey,1996,65
Turkey,1997,69
Turkey,1998,69
Turkey,1999,58
Turkey,2000,58
Turkey,2001,58
Turkey,2002,55
Turkey,2003,52
Turkey,2004,48
Turkey,2005,48
Turkey,2006,49
Turkey,2007,51
Turkey,2008,50
Turkey,2009,51
Turkey,2010,54
Turkey,2011,55
Turkey,2012,56
Turkey,2013,62
Turkey,2014,65
Turkey,2015,71
Turkey,2016,76
Turkmenistan,1993,89
Turkmenistan,1994,84
Turkmenistan,1995,84
Turkmenistan,1996,84
Turkmenistan,1997,84
Turkmenistan,1998,85
Turkmenistan,1999,86
Turkmenistan,2000,89
Turkmenistan,2001,91
Turkmenistan,2002,92
Turkmenistan,2003,95
Turkmenistan,2004,96
Turkmenistan,2005,96
Turkmenistan,2006,96
Turkmenistan,2007,96
Turkmenistan,2008,96
Turkmenistan,2009,95
Turkmenistan,2010,96
Turkmenistan,2011,96
Turkmenistan,2012,96
Turkmenistan,2013,95
Turkmenistan,2014,95
Turkmenistan,2015,96
Turkmenistan,2016,98
Tuvalu,2002,16
Tuvalu,2003,19
Tuvalu,2004,20
Tuvalu,2005,26
Tuvalu,2006,26
Tuvalu,2007,26
Tuvalu,2008,26
Tuvalu,2009,26
Tuvalu,2010,26
Tuvalu,2011,26
Tuvalu,2012,26
Tuvalu,2013,27
Tuvalu,2014,27
Tuvalu,2015,27
Tuvalu,2016,27
Uganda,1993,84
Uganda,1994,38
Uganda,1995,38
Uganda,1996,38
Uganda,1997,40
Uganda,1998,40
Uganda,1999,40
Uganda,2000,40
Uganda,2001,42
Uganda,2002,45
Uganda,2003,44
Uganda,2004,44
Uganda,2005,52
Uganda,2006,54
Uganda,2007,53
Uganda,2008,53
Uganda,2009,54
Uganda,2010,54
Uganda,2011,57
Uganda,2012,55
Uganda,2013,58
Uganda,2014,56
Uganda,2015,57
Uganda,2016,58
Ukraine,1993,44
Ukraine,1994,42
Ukraine,1995,39
Ukraine,1996,49
Ukraine,1997,49
Ukraine,1998,50
Ukraine,1999,60
Ukraine,2000,60
Ukraine,2001,60
Ukraine,2002,67
Ukraine,2003,68
Ukraine,2004,59
Ukraine,2005,53
Ukraine,2006,53
Ukraine,2007,53
Ukraine,2008,55
Ukraine,2009,53
Ukraine,2010,56
Ukraine,2011,59
Ukraine,2012,60
Ukraine,2013,63
Ukraine,2014,58
Ukraine,2015,53
Ukraine,2016,53
United Arab Emirates,1993,76
United Arab Emirates,1994,77
United Arab Emirates,1995,76
United Arab Emirates,1996,76
United Arab Emirates,1997,76
United Arab Emirates,1998,76
United Arab Emirates,1999,76
United Arab Emirates,2000,76
United Arab Emirates,2001,74
United Arab Emirates,2002,74
United Arab Emirates,2003,75
United Arab Emirates,2004,72
United Arab Emirates,2005,65
United Arab Emirates,2006,68
United Arab Emirates,2007,68
United Arab Emirates,2008,69
United Arab Emirates,2009,71
United Arab Emirates,2010,71
United Arab Emirates,2011,72
United Arab Emirates,2012,74
United Arab Emirates,2013,76
United Arab Emirates,2014,76
United Arab Emirates,2015,78
United Arab Emirates,2016,78
United Kingdom,1993,24
United Kingdom,1994,22
United Kingdom,1995,22
United Kingdom,1996,22
United Kingdom,1997,21
United Kingdom,1998,20
United Kingdom,1999,20
United Kingdom,2000,17
United Kingdom,2001,18
United Kingdom,2002,18
United Kingdom,2003,19
United Kingdom,2004,18
United Kingdom,2005,19
United Kingdom,2006,19
United Kingdom,2007,18
United Kingdom,2008,19
United Kingdom,2009,19
United Kingdom,2010,19
United Kingdom,2011,21
United Kingdom,2012,21
United Kingdom,2013,23
United Kingdom,2014,24
United Kingdom,2015,25
United Kingdom,2016,25
United States,1993,12
United States,1994,12
United States,1995,14
United States,1996,14
United States,1997,12
United States,1998,13
United States,1999,13
United States,2000,15
United States,2001,16
United States,2002,17
United States,2003,13
United States,2004,17
United States,2005,16
United States,2006,16
United States,2007,17
United States,2008,18
United States,2009,18
United States,2010,17
United States,2011,18
United States,2012,18
United States,2013,21
United States,2014,22
United States,2015,21
United States,2016,23
Uruguay,1993,23
Uruguay,1994,25
Uruguay,1995,25
Uruguay,1996,29
Uruguay,1997,30
Uruguay,1998,30
Uruguay,1999,29
Uruguay,2000,30
Uruguay,2001,25
Uruguay,2002,30
Uruguay,2003,26
Uruguay,2004,29
Uruguay,2005,28
Uruguay,2006,30
Uruguay,2007,30
Uruguay,2008,26
Uruguay,2009,25
Uruguay,2010,25
Uruguay,2011,26
Uruguay,2012,26
Uruguay,2013,26
Uruguay,2014,24
Uruguay,2015,25
Uruguay,2016,24
Uzbekistan,1993,85
Uzbekistan,1994,79
Uzbekistan,1995,75
Uzbekistan,1996,76
Uzbekistan,1997,76
Uzbekistan,1998,79
Uzbekistan,1999,83
Uzbekistan,2000,84
Uzbekistan,2001,84
Uzbekistan,2002,86
Uzbekistan,2003,84
Uzbekistan,2004,85
Uzbekistan,2005,90
Uzbekistan,2006,91
Uzbekistan,2007,92
Uzbekistan,2008,93
Uzbekistan,2009,92
Uzbekistan,2010,94
Uzbekistan,2011,95
Uzbekistan,2012,95
Uzbekistan,2013,95
Uzbekistan,2014,95
Uzbekistan,2015,95
Uzbekistan,2016,95
Vanuatu,1993,45
Vanuatu,1994,54
Vanuatu,1995,42
Vanuatu,1996,42
Vanuatu,1997,42
Vanuatu,1998,42
Vanuatu,1999,44
Vanuatu,2000,37
Vanuatu,2001,24
Vanuatu,2002,21
Vanuatu,2003,23
Vanuatu,2004,24
Vanuatu,2005,25
Vanuatu,2006,24
Vanuatu,2007,23
Vanuatu,2008,23
Vanuatu,2009,23
Vanuatu,2010,25
Vanuatu,2011,26
Vanuatu,2012,25
Vanuatu,2013,25
Vanuatu,2014,25
Vanuatu,2015,25
Vanuatu,2016,25
Venezuela,1993,30
Venezuela,1994,49
Venezuela,1995,31
Venezuela,1996,32
Venezuela,1997,33
Venezuela,1998,33
Venezuela,1999,34
Venezuela,2000,34
Venezuela,2001,44
Venezuela,2002,68
Venezuela,2003,68
Venezuela,2004,72
Venezuela,2005,72
Venezuela,2006,74
Venezuela,2007,74
Venezuela,2008,73
Venezuela,2009,75
Venezuela,2010,76
Venezuela,2011,76
Venezuela,2012,76
Venezuela,2013,78
Venezuela,2014,81
Venezuela,2015,80
Venezuela,2016,81
Vietnam,1993,71
Vietnam,1994,68
Vietnam,1995,68
Vietnam,1996,69
Vietnam,1997,71
Vietnam,1998,71
Vietnam,1999,75
Vietnam,2000,80
Vietnam,2001,82
Vietnam,2002,82
Vietnam,2003,82
Vietnam,2004,82
Vietnam,2005,79
Vietnam,2006,77
Vietnam,2007,82
Vietnam,2008,83
Vietnam,2009,82
Vietnam,2010,83
Vietnam,2011,84
Vietnam,2012,84
Vietnam,2013,84
Vietnam,2014,86
Vietnam,2015,85
Vietnam,2016,84
West Bank and Gaza,1994,94
West Bank and Gaza,1995,58
West Bank and Gaza,1996,63
West Bank and Gaza,1997,65
West Bank and Gaza,1998,65
West Bank and Gaza,1999,65
West Bank and Gaza,2000,70
West Bank and Gaza,2001,84
West Bank and Gaza,2002,86
West Bank and Gaza,2003,86
West Bank and Gaza,2004,84
West Bank and Gaza,2005,86
West Bank and Gaza,2006,84
West Bank and Gaza,2007,84
West Bank and Gaza,2008,86
West Bank and Gaza,2009,84
West Bank and Gaza,2010,83
West Bank and Gaza,2011,83
West Bank and Gaza,2012,84
West Bank and Gaza,2013,82
West Bank and Gaza,2014,84
West Bank and Gaza,2015,83
West Bank and Gaza,2016,84
Yemen,1993,55
Yemen,1994,63
Yemen,1995,68
Yemen,1996,68
Yemen,1997,68
Yemen,1998,68
Yemen,1999,68
Yemen,2000,69
Yemen,2001,65
Yemen,2002,69
Yemen,2003,67
Yemen,2004,76
Yemen,2005,81
Yemen,2006,80
Yemen,2007,78
Yemen,2008,79
Yemen,2009,80
Yemen,2010,83
Yemen,2011,83
Yemen,2012,79
Yemen,2013,76
Yemen,2014,78
Yemen,2015,83
Yemen,2016,85
Zambia,1993,50
Zambia,1994,61
Zambia,1995,60
Zambia,1996,61
Zambia,1997,60
Zambia,1998,62
Zambia,1999,62
Zambia,2000,62
Zambia,2001,65
Zambia,2002,63
Zambia,2003,63
Zambia,2004,65
Zambia,2005,64
Zambia,2006,64
Zambia,2007,64
Zambia,2008,65
Zambia,2009,64
Zambia,2010,61
Zambia,2011,60
Zambia,2012,60
Zambia,2013,61
Zambia,2014,62
Zambia,2015,61
Zambia,2016,63
Zimbabwe,1993,48
Zimbabwe,1994,59
Zimbabwe,1995,56
Zimbabwe,1996,57
Zimbabwe,1997,61
Zimbabwe,1998,64
Zimbabwe,1999,67
Zimbabwe,2000,69
Zimbabwe,2001,83
Zimbabwe,2002,88
Zimbabwe,2003,89
Zimbabwe,2004,89
Zimbabwe,2005,90
Zimbabwe,2006,89
Zimbabwe,2007,89
Zimbabwe,2008,88
Zimbabwe,2009,84
Zimbabwe,2010,81
Zimbabwe,2011,80
Zimbabwe,2012,77
Zimbabwe,2013,73
Zimbabwe,2014,70
Zimbabwe,2015,74
Zimbabwe,2016,74
Afghanistan,1994,90
